abanmak	noun	aban	infinitive_mek
abartma	noun	abart	infinitive_me
abartmak	noun	abart	infinitive_mek
abartılı	noun	abartı	compositive_li
abba	noun	ab	dative_e
ablacı	noun	abla	actor_ci
acara	noun	acar	dative_e
aceleci	noun	acele	actor_ci
aceleyle	noun	acele	confactuous_le
aceme	noun	acem	dative_e
acemilik	noun	acemi	suitative_lik
acıkmak	noun	acık	infinitive_mek
acılı	noun	acı	compositive_li
acıma	noun	acı	infinitive_me
acımak	noun	acı	infinitive_mek
acımasız	noun	acı	infinitive_me privative_siz
acın	verb	acı	reflexive_in
acınmak	noun	acı	reflexive_in infinitive_mek
acıtma	noun	acı	active_it infinitive_me
acıtış	noun	acı	active_it nounifier_iş
adacık	noun	ada	diminutive_cik
adadan	noun	ada	ablative_den
adalar	noun	ada	plural_ler
adaları	noun	ada	plural_ler possessive_3sg
adaletli	noun	adalet	compositive_li
adaletsiz	noun	adalet	privative_siz
adalı	noun	ada	compositive_li
adamdır	noun	adam	nounaorist_dir
adamı	noun	adam	possessive_3sg
adanalı	noun	adana	compositive_li
adanmak	noun	adan	infinitive_mek
adaylık	noun	aday	suitative_lik
addedil	verb	addet	passive_il
addedilmek	noun	addet	passive_il infinitive_mek
addetmek	noun	addet	infinitive_mek
adice	noun	adi	relative_ce
adiye	noun	adi	dative_e
adliyeci	noun	adliye	actor_ci
adlı	noun	ad	compositive_li
adresle	verb	adres	applicative_le
adımla	verb	adım	applicative_le
adımları	noun	adım	plural_ler accusative_i
adın	noun	ad	noun_compound
adına	noun	ad	possessive_3sg dative_e
afallayıp	noun	afalla	adverbial_ip
affedil	verb	affet	passive_il
affedilmek	noun	affet	passive_il infinitive_mek
affetirmek	noun	affet	active_ir infinitive_mek
affetmek	noun	affet	infinitive_mek
affeyle	noun	afif	dative_e confactuous_le
afganistanda	noun	afganistan	locative_de
afişle	verb	afiş	applicative_le
afrikalı	noun	afrika	compositive_li
ahenkli	noun	ahenk	compositive_li
ahlaka	noun	ahlak	dative_e
ahlaksız	noun	ahlak	privative_siz
ahlaksızlık	noun	ahlak	privative_siz suitative_lik
aileme	noun	aile	possessive_1sg dative_e
ailenin	noun	aile	noun_compound
aitliklerini	noun	ait	suitative_lik possessive_3pl accusative_i
aitliğini	noun	ait	suitative_lik possessive_3sg accusative_i
akademici	noun	akademi	actor_ci
akademisi	noun	akademi	possessive_3sg
akan	noun	ak	factative_en
aksama	noun	aksa	infinitive_me
aksaraylı	noun	aksaray	compositive_li
aksat	verb	aksa	active_it
aksatmak	noun	aksa	active_it infinitive_mek
aksayış	noun	aksa	nounifier_iş
aksesuarcı	noun	aksesuar	actor_ci
aksine	noun	aksi	possessive_2sg dative_e
aksini	noun	aksi	possessive_2sg accusative_i
aktaran	noun	aktar	factative_en
aktarma	noun	aktar	infinitive_me
aktarmak	noun	aktar	infinitive_mek
aktart	verb	aktar	active_it
aktartmak	noun	aktar	active_it infinitive_mek
aktarım	noun	aktar	nounifier_im
aktarıp	noun	aktar	adverbial_ip
aktuna	noun	akut	possessive_3sg dative_e
aktı	noun	ak	pasttense_di
akvaryumcu	noun	akvaryum	actor_ci
akülü	noun	akü	compositive_li
akıcı	noun	akı	actor_ci
akıcılık	noun	akı	actor_ci suitative_lik
akılcı	noun	akıl	actor_ci
akılcılık	noun	akıl	actor_ci suitative_lik
akıllı	noun	akıl	compositive_li
akıp	noun	ak	adverbial_ip
akıt	verb	ak	active_it
akıtmak	noun	ak	active_it infinitive_mek
akış	noun	ak	nounifier_iş
akşama	noun	akşam	dative_e
akşamcı	noun	akşam	actor_ci
akşamdan	noun	akşam	ablative_den
akşamları	noun	akşam	possessive_3pl
alabildik	noun	al	possibilitative_ebil adjectifier_dik
alacak	noun	al	nounifier_ecek
alaturkacı	noun	alaturka	actor_ci
alaycı	noun	alay	actor_ci
alaylı	noun	alay	compositive_li
alayı	noun	alay	possessive_3sg
aldanmak	noun	aldan	infinitive_mek
aldatmak	noun	aldat	infinitive_mek
aldında	noun	alt	possessive_3sg locative_de
aldır	verb	al	active_dir
aldırmaz	noun	al	active_dir negative_me factative_ir
aldırt	verb	al	active_dir active_it
aldırış	noun	al	active_dir nounifier_iş
aldığ	noun	al	adjectifier_dik
alemci	noun	alem	actor_ci
algıla	verb	algı	applicative_le
algılama	noun	algı	applicative_le infinitive_me
aliye	noun	ali	dative_e
alkollü	noun	alkol	compositive_li
alkolsüz	noun	alkol	privative_siz
alkışla	verb	alkış	applicative_le
allahtan	noun	allah	ablative_den
allahın	noun	allah	noun_compound
alma	noun	al	infinitive_me
almak	noun	al	infinitive_mek
almalı	noun	al	infinitive_me compositive_li
almanyalı	noun	almanya	compositive_li
almış	noun	al	pastfactative_miş
alnıma	noun	alın	possessive_1sg dative_e
alta	noun	alt	dative_e
altaylı	noun	altay	compositive_li
altmışlı	noun	altmış	compositive_li
altona	noun	alto	possessive_2sg dative_e
altta	noun	alt	locative_de
altılı	noun	altı	compositive_li
altılık	noun	altı	suitative_lik
altına	noun	alt	possessive_3sg dative_e
altında	noun	alt	possessive_3sg locative_de
altındaki	noun	alt	possessive_3sg locative_de marking_ki
altını	noun	alt	possessive_3sg accusative_i
altısız	noun	altı	privative_siz
alçalmak	noun	alçal	infinitive_mek
alçalt	verb	alçal	active_it
alıkoyma	noun	alıkoy	infinitive_me
alıkoymak	noun	alıkoy	infinitive_mek
alım	noun	al	nounifier_im
alımlı	noun	al	nounifier_im compositive_li
alın	verb	al	passive_il
alınca	noun	al	adverbial_ince
alındı	noun	al	passive_il pasttense_di
alınıp	noun	al	passive_il adverbial_ip
alıp	noun	al	adverbial_ip
alış	verb	al	reflexive_is
alışamadım	noun	al	reflexive_is negative_able pasttense_di conjugation_1sg
alışkan	noun	al	reflexive_is constofactative_gen
alışmak	noun	al	reflexive_is infinitive_mek
alışıklar	noun	alışık	plural_ler
amacıyla	noun	amaç	possessive_3sg confactuous_le
amansız	noun	aman	privative_siz
amasyalı	noun	amasya	compositive_li
amaçla	verb	amaç	applicative_le
amaçlı	noun	amaç	compositive_li
amaçtır	noun	amaç	nounaorist_dir
ambalajcı	noun	ambalaj	actor_ci
ambalajla	verb	ambalaj	applicative_le
ambalajlı	noun	ambalaj	compositive_li
ambarcı	noun	ambar	actor_ci
amerikalı	noun	amerika	compositive_li
amirallik	noun	amiral	suitative_lik
amirliğ	noun	amir	suitative_lik
amirliğinde	noun	amir	suitative_lik possessive_3sg locative_de
amirliğine	noun	amir	suitative_lik possessive_3sg dative_e
amirliğinin	noun	amir	suitative_lik possessive_3sg noun_compound
anadolucu	noun	anadolu	actor_ci
anadolulu	noun	anadolu	compositive_li
anadolunun	noun	anadolu	noun_compound
anadoluya	noun	anadolu	dative_e
anahtarcı	noun	anahtar	actor_ci
anahtarla	verb	anahtar	applicative_le
anahtarlık	noun	anahtar	suitative_lik
analizci	noun	analiz	actor_ci
analık	noun	ana	suitative_lik
anam	noun	ana	possessive_1sg
anar	noun	an	factative_ir
anasonu	noun	anason	accusative_i
anayasacı	noun	anayasa	actor_ci
anfi	noun	anif	possessive_3sg
ankaralı	noun	ankara	compositive_li
anketin	noun	anket	noun_compound
anlam	noun	anla	nounifier_im
anlama	noun	anla	infinitive_me
anlamak	noun	anla	infinitive_mek
anlamağ	noun	anla	infinitive_mek
anlamlı	noun	anla	nounifier_im compositive_li
anlamsız	noun	anla	nounifier_im privative_siz
anlamını	noun	anla	nounifier_im possessive_3sg accusative_i
anlat	verb	anla	active_it
anlatmak	noun	anla	active_it infinitive_mek
anlattıydı	noun	anla	active_it pasttense_di pasttense_noundi
anlatıcı	noun	anlatı	actor_ci
anlatım	noun	anla	active_it nounifier_im
anlatıp	noun	anla	active_it adverbial_ip
anlayan	noun	anla	factative_en
anlayınca	noun	anla	adverbial_ince
anlayıp	noun	anla	adverbial_ip
anlayış	noun	anla	nounifier_iş
anlayışlı	noun	anla	nounifier_iş compositive_li
anlayışının	noun	anla	nounifier_iş possessive_3sg noun_compound
anlaş	verb	anla	reflexive_is
anlaşma	noun	anla	reflexive_is infinitive_me
anlaşılma	noun	anla	reflexive_is passive_il infinitive_me
anlaşıp	noun	anla	reflexive_is adverbial_ip
anma	noun	an	infinitive_me
anmak	noun	an	infinitive_mek
anna	noun	ann	dative_e
annelik	noun	anne	suitative_lik
annemi	noun	anne	possessive_1sg accusative_i
annemler	noun	anne	possessive_1sg conjugation_3pl
annesine	noun	anne	possessive_3sg dative_e
anormallik	noun	anormal	suitative_lik
ansiklopedici	noun	ansiklopedi	actor_ci
antikacı	noun	antika	actor_ci
antlaşma	noun	ant	applicative_le reflexive_is infinitive_me
antrenörlük	noun	antrenör	suitative_lik
anılan	noun	an	passive_il factative_en
anımsamak	noun	anımsa	infinitive_mek
anımsan	verb	anımsa	reflexive_in
anımsanmak	noun	anımsa	reflexive_in infinitive_mek
anımsat	verb	anımsa	active_it
anımsatmak	noun	anımsa	active_it infinitive_mek
anımsayıp	noun	anımsa	adverbial_ip
anında	noun	an	possessive_3sg locative_de
aparmak	noun	apar	infinitive_mek
apartmak	noun	apar	active_it infinitive_mek
apaydınlık	noun	apaydın	suitative_lik
aptalca	noun	aptal	relative_ce
arabacı	noun	araba	actor_ci
arabaya	noun	araba	dative_e
arabistanın	noun	arabistan	noun_compound
aracı	noun	ara	actor_ci
aracılık	noun	ara	actor_ci suitative_lik
aracılığıyla	noun	ara	actor_ci suitative_lik possessive_3sg confactuous_le
arada	noun	ara	locative_de
aralarında	noun	ara	possessive_3pl locative_de
aralık	noun	ara	suitative_lik
aralıklı	noun	ara	suitative_lik compositive_li
aralıksız	noun	ara	suitative_lik privative_siz
aralıkta	noun	ara	suitative_lik locative_de
arama	noun	ara	infinitive_me
aramak	noun	ara	infinitive_mek
aran	verb	ara	reflexive_in
aranmak	noun	ara	reflexive_in infinitive_mek
arapça	noun	arap	relative_ce
arasan	noun	ara	wish_suffix conjugation_2sg
arası	noun	ara	possessive_3sg
arasına	noun	ara	possessive_3sg dative_e
arasından	noun	ara	possessive_3sg ablative_den
arat	verb	ara	active_it
aratmak	noun	ara	active_it infinitive_mek
arayan	noun	ara	factative_en
arayla	noun	ara	confactuous_le
arayıp	noun	ara	adverbial_ip
araçtır	noun	araç	nounaorist_dir
araştır	verb	ara	reflexive_is active_dir
araştırma	noun	ara	reflexive_is active_dir infinitive_me
araştırmacı	noun	ara	reflexive_is active_dir infinitive_me actor_ci
araştırmak	noun	ara	reflexive_is active_dir infinitive_mek
ardında	noun	ard	possessive_3sg locative_de
ardından	noun	ard	possessive_3sg ablative_den
arjantinli	noun	arjantin	compositive_li
arkadan	noun	arka	ablative_den
arkadaş	noun	arka	cooperative_deş
arkadaşlarımızın	noun	arka	cooperative_deş plural_ler possessive_1pl noun_compound
arkadaşlık	noun	arka	cooperative_deş suitative_lik
arkadaştan	noun	arka	cooperative_deş ablative_den
arkasına	noun	arka	possessive_3sg dative_e
arkasından	noun	arka	possessive_3sg ablative_den
armağanı	noun	armağan	possessive_3sg
armutçu	noun	armut	actor_ci
arna	noun	arın	adverbial_e
arnavutluk	noun	arnavut	suitative_lik
arta	noun	art	adverbial_e
artan	noun	art	factative_en
artmak	noun	art	infinitive_mek
artsın	noun	art	conjugation_2sg
arttıkça	noun	art	adverbial_dikçe
arttıran	noun	art	active_dir factative_en
artçı	noun	art	actor_ci
artır	verb	art	active_ir
artırma	noun	art	active_ir infinitive_me
artırmak	noun	art	active_ir infinitive_mek
artış	noun	art	nounifier_iş
arzula	verb	arzu	applicative_le
arzulu	noun	arzu	compositive_li
arıma	noun	ar	possessive_1sg dative_e
arınmak	noun	arın	infinitive_mek
arıtmak	noun	arıt	infinitive_mek
arşivci	noun	arşiv	actor_ci
arşivle	verb	arşiv	applicative_le
asansörcü	noun	asansör	actor_ci
asar	noun	as	factative_ir
askerce	noun	asker	relative_ce
askerci	noun	asker	actor_ci
askerlik	noun	asker	suitative_lik
askerliktir	noun	asker	suitative_lik nounaorist_dir
asliye	noun	asli	dative_e
aslı	noun	as	compositive_li
aslında	noun	asıl	possessive_3sg locative_de
asmak	noun	as	infinitive_mek
asmalı	noun	asma	compositive_li
asyacılar	noun	asya	actor_ci applicative_le factative_ir
asyalı	noun	asya	compositive_li
asıllı	noun	asıl	compositive_li
asılsız	noun	asıl	privative_siz
asıp	noun	as	adverbial_ip
asırlık	noun	asır	suitative_lik
atam	noun	ata	nounifier_im
atama	noun	ata	infinitive_me
atamak	noun	ata	infinitive_mek
atan	verb	ata	passive_il
atanmak	noun	ata	reflexive_in infinitive_mek
atanmış	noun	ata	passive_il pastfactative_miş
atar	noun	at	factative_ir
atatürkçülük	noun	atatürkçü	suitative_lik
atatürkçülüğe	noun	atatürkçü	suitative_lik dative_e
atatürkçülüğü	noun	atatürkçü	suitative_lik possessive_3sg
atatürkçülüğünüzden	noun	atatürkçü	suitative_lik possessive_2pl ablative_den
atatürkçülüğüyle	noun	atatürkçü	suitative_lik possessive_3sg confactuous_le
ateşin	noun	ateş	noun_compound
ateşle	verb	ateş	applicative_le
ateşli	noun	ateş	compositive_li
ateşten	noun	ateş	ablative_den
ateşçi	noun	ateş	actor_ci
atfetmek	noun	atfet	infinitive_mek
atla	verb	at	applicative_le
atlat	verb	at	applicative_le active_it
atlayıp	noun	at	applicative_le adverbial_ip
atlı	noun	at	compositive_li
atma	noun	at	infinitive_me
atmak	noun	at	infinitive_mek
atomcu	noun	atom	actor_ci
atınca	noun	at	adverbial_ince
atıp	noun	at	adverbial_ip
atış	verb	at	reflexive_is
ava	noun	av	dative_e
avantacı	noun	avanta	actor_ci
avantajlı	noun	avantaj	compositive_li
avrupada	noun	avrupa	locative_de
avrupalı	noun	avrupa	compositive_li
avrupayla	noun	avrupa	confactuous_le
avrupayı	noun	avrupa	accusative_i
avunmak	noun	avun	infinitive_mek
avusturyalı	noun	avusturya	compositive_li
avutmak	noun	avut	infinitive_mek
avuçla	verb	avuç	applicative_le
aya	noun	ay	adverbial_e
ayakkabıcı	noun	ayakkabı	actor_ci
ayakkabılarımız	noun	ayakkabı	plural_ler possessive_1pl
ayakla	noun	ay	toolative_ek confactuous_le
ayakla	verb	ayak	applicative_le
ayaklanma	noun	ayaklan	infinitive_me
ayakta	noun	ayak	locative_de
ayarla	verb	ayar	applicative_le
ayda	noun	ay	locative_de
aydan	noun	ay	ablative_den
aydınlan	verb	aydın	applicative_le reflexive_in
aydınlanma	noun	aydın	applicative_le reflexive_in infinitive_me
aydınlat	verb	aydın	applicative_le active_it
aydınlatan	noun	aydın	applicative_le active_it factative_en
aydınlatıp	noun	aydın	applicative_le active_it adverbial_ip
aydınlı	noun	aydın	compositive_li
aydınlık	noun	aydın	suitative_lik
aydınlıkta	noun	aydın	suitative_lik locative_de
aydınlıktanın	noun	aydın	suitative_lik ablative_den conjugation_2sg
aykan	noun	ayık	factative_en
aykın	noun	ayık	conjugation_2sg
aylık	noun	ay	suitative_lik
aynacı	noun	ayna	actor_ci
aynısı	noun	aynı	possessive_3sg
ayrıca	noun	ayrı	relative_ce
ayrıcalık	noun	ayrı	relative_ce suitative_lik
ayrıcalıklı	noun	ayrı	relative_ce suitative_lik compositive_li
ayrıl	verb	ayır	passive_il
ayrılmak	noun	ayır	passive_il infinitive_mek
ayrılmaz	noun	ayır	passive_il negative_me factative_ir
ayrılık	noun	ayrı	suitative_lik
ayrılıp	noun	ayır	passive_il adverbial_ip
ayrım	noun	ayır	nounifier_im
ayrımcı	noun	ayır	nounifier_im actor_ci
ayrımcılığa	noun	ayır	nounifier_im actor_ci suitative_lik dative_e
ayrıntılı	noun	ayrıntı	compositive_li
ayrış	verb	ayır	reflexive_is
ayta	noun	ayıt	dative_e
ayvacı	noun	ayva	actor_ci
ayvalık	noun	ayva	suitative_lik
ayıkmak	noun	ayık	infinitive_mek
ayılt	verb	ayıl	active_it
ayın	noun	ay	noun_compound
ayıpla	verb	ayıp	applicative_le
ayıptır	noun	ayıp	nounaorist_dir
ayırdına	noun	ayırt	reflexive_in adverbial_e
ayırmak	noun	ayır	infinitive_mek
azalan	noun	azal	factative_en
azaldı	noun	azal	pasttense_di
azalma	noun	azal	infinitive_me
azalmak	noun	azal	infinitive_mek
azalt	verb	azal	active_it
azalınca	noun	azal	adverbial_ince
azcık	noun	az	diminutive_cik
azimli	noun	azim	compositive_li
azmetmek	noun	azmet	infinitive_mek
azmi	noun	azim	possessive_3sg
azılı	noun	azı	compositive_li
azımsamak	noun	azımsa	infinitive_mek
açacak	noun	aç	nounifier_ecek
açar	noun	aç	factative_ir
açgözlülük	noun	açgözlü	suitative_lik
açlık	noun	aç	suitative_lik
açma	noun	aç	infinitive_me
açmak	noun	aç	infinitive_mek
açıdan	noun	açı	ablative_den
açıkgözlülük	noun	açıkgöz	compositive_li suitative_lik
açıkla	verb	açık	applicative_le
açıklama	noun	açık	applicative_le infinitive_me
açıklamak	noun	açık	applicative_le infinitive_mek
açıklık	noun	açık	suitative_lik
açıkça	noun	açık	relative_ce
açıldı	noun	aç	passive_il pasttense_di
açılış	noun	aç	passive_il nounifier_iş
açım	noun	aç	nounifier_im
açın	noun	aç	conjugation_2pl
açınızdan	noun	açı	possessive_2pl ablative_den
açıp	noun	aç	adverbial_ip
açısından	noun	açı	possessive_3sg ablative_den
ağabeyi	noun	ağabey	possessive_3sg
ağart	verb	ağar	active_it
ağaçlık	noun	ağaç	suitative_lik
ağaçlıklı	noun	ağaç	suitative_lik compositive_li
ağlamak	noun	ağla	infinitive_mek
ağlamaklı	noun	ağla	infinitive_mek compositive_li
ağlar	noun	ağ	plural_ler
ağlarsa	noun	ağla	active_er wish_suffix
ağrılı	noun	ağrı	compositive_li
ağrımak	noun	ağrı	infinitive_mek
ağrıtma	noun	ağrı	active_it infinitive_me
ağı	noun	ağ	possessive_3sg
ağın	noun	ağ	noun_compound
ağırla	verb	ağır	applicative_le
ağırlamak	noun	ağır	applicative_le infinitive_mek
ağırlık	noun	ağır	suitative_lik
ağırlıklı	noun	ağır	suitative_lik compositive_li
ağızdan	noun	ağız	ablative_den
ağızlıkçı	noun	ağız	suitative_lik actor_ci
aşağıla	verb	aşağı	applicative_le
aşağılama	noun	aşağı	applicative_le infinitive_me
aşağılık	noun	aşağı	suitative_lik
aşklarımız	noun	aşk	plural_ler possessive_1pl
aşkım	noun	aşk	possessive_1sg
aşkın	noun	aşk	noun_compound
aşma	noun	aş	infinitive_me
aşurelik	noun	aşure	suitative_lik
aşıla	verb	aşı	applicative_le
aşınmak	noun	aşın	infinitive_mek
aşırma	noun	aşır	infinitive_me
aşırmak	noun	aşır	infinitive_mek
aşırt	verb	aşır	active_it
aşırtmak	noun	aşır	active_it infinitive_mek
babaca	noun	baba	relative_ce
babacığım	noun	babacık	possessive_1sg
babadır	noun	baba	nounaorist_dir
babalık	noun	baba	suitative_lik
baban	noun	baba	possessive_2sg
bacaklı	noun	bacak	compositive_li
badanalı	noun	badana	compositive_li
bademci	noun	badem	actor_ci
bademli	noun	badem	compositive_li
bahadırlı	noun	bahadır	compositive_li
baharcı	noun	bahar	actor_ci
bahriyye	noun	bahriye	dative_e
bahsetmek	noun	bahset	infinitive_mek
bahçeci	noun	bahçe	actor_ci
bahçeli	noun	bahçe	compositive_li
bahçesine	noun	bahçe	possessive_3sg dative_e
bakacak	noun	bak	nounifier_ecek
bakakal	verb	bak	remainmative_ekalmak
bakalım	noun	bak	adverbial_e conjugation_1pl
bakan	noun	bak	factative_en
bakana	noun	bak	factative_en dative_e
bakanlık	noun	bak	factative_en suitative_lik
bakarak	noun	bak	adverbial_erek
baklavacı	noun	baklava	actor_ci
bakma	noun	bak	infinitive_me
bakmak	noun	bak	infinitive_mek
bakıcı	noun	bakı	actor_ci
bakıcılık	noun	bakı	actor_ci suitative_lik
bakım	noun	bak	nounifier_im
bakımdan	noun	bak	nounifier_im ablative_den
bakımlı	noun	bak	nounifier_im compositive_li
bakımsız	noun	bak	nounifier_im privative_siz
bakımından	noun	bak	nounifier_im possessive_3sg ablative_den
bakın	verb	bak	reflexive_in
bakınca	noun	bak	adverbial_ince
bakındı	noun	bak	reflexive_in pasttense_di
bakıp	noun	bak	adverbial_ip
bakış	noun	bak	nounifier_iş
bakışlı	noun	bak	nounifier_iş compositive_li
balcı	noun	bal	actor_ci
balka	noun	balık	dative_e
balkanlar	noun	balkan	plural_ler
balkız	noun	balık	conjugation_1pl
balla	noun	bal	confactuous_le
ballaması	noun	bal	applicative_le infinitive_me possessive_3sg
ballı	noun	bal	compositive_li
baloncu	noun	balon	actor_ci
baltacı	noun	balta	actor_ci
baltala	verb	balta	applicative_le
balıklı	noun	balık	compositive_li
balıkçı	noun	balık	actor_ci
balıkçılık	noun	balık	actor_ci suitative_lik
bandajla	noun	bandaj	confactuous_le
bandajla	verb	bandaj	applicative_le
bandıralı	noun	bandıra	compositive_li
bandırma	noun	ban	active_dir infinitive_me
bankacı	noun	banka	actor_ci
bankacılık	noun	banka	actor_ci suitative_lik
bankayı	noun	banka	accusative_i
banmak	noun	ban	infinitive_mek
bantla	verb	bant	applicative_le
barbara	noun	barbar	dative_e
barbarca	noun	barbar	relative_ce
barcı	noun	bar	actor_ci
barda	noun	bar	locative_de
bardakçı	noun	bardak	actor_ci
barsak	noun	bar	if_se conjugation_1pl
barutçu	noun	barut	actor_ci
barı	noun	bar	possessive_3sg
barınmak	noun	barın	infinitive_mek
barışan	noun	barış	factative_en
barışmak	noun	barış	infinitive_mek
barışçı	noun	barış	actor_ci
basa	noun	bas	adverbial_e
basar	noun	bas	factative_ir
basketbolcu	noun	basketbol	actor_ci
basketçi	noun	basket	actor_ci
baskı	noun	bas	nounifier_gi
basma	noun	bas	infinitive_me
basmacı	noun	bas	infinitive_me actor_ci
basmak	noun	bas	infinitive_mek
basra	noun	basur	dative_e
basta	noun	bas	locative_de
bastoncu	noun	baston	actor_ci
bastonu	noun	baston	accusative_i
bastı	noun	bas	pasttense_di
bastık	noun	bas	adjectifier_dik
basçı	noun	bas	actor_ci
basılış	noun	bas	passive_il nounifier_iş
basım	noun	bas	nounifier_im
basıncı	noun	basın	actor_ci
basınçlı	noun	basınç	compositive_li
basıp	noun	bas	adverbial_ip
bataklık	noun	batak	suitative_lik
batılı	noun	batı	compositive_li
batım	noun	bat	nounifier_im
bavulcu	noun	bavul	actor_ci
bayatlı	noun	bayat	compositive_li
bayburtlu	noun	bayburt	compositive_li
bayladı	noun	bay	applicative_le pasttense_di
bayraklı	noun	bayrak	compositive_li
bayramdır	noun	bayram	nounaorist_dir
bayramlaş	verb	bayram	applicative_le reflexive_is
bayramlık	noun	bayram	suitative_lik
bayramı	noun	bayram	possessive_3sg
bayrağın	noun	bayrak	noun_compound
bayılt	verb	bayıl	active_it
bayındırcı	noun	bayındır	actor_ci
bazan	noun	baza	possessive_2sg
bazense	noun	bazen	if_se
bazidi	noun	bazit	possessive_3sg
bağcı	noun	bağ	actor_ci
bağcılar	noun	bağ	actor_ci plural_ler
bağda	noun	bağ	locative_de
bağdatlı	noun	bağdat	compositive_li
bağdaşmak	noun	bağdaş	infinitive_mek
bağdaşmaz	noun	bağdaş	negative_me factative_ir
bağla	verb	bağ	applicative_le
bağlama	noun	bağ	applicative_le infinitive_me
bağlamış	noun	bağ	applicative_le pastfactative_miş
bağlantılı	noun	bağlantı	compositive_li
bağlantısız	noun	bağlantı	privative_siz
bağlantısızlar	noun	bağlantı	privative_siz applicative_le factative_ir
bağlayıp	noun	bağ	applicative_le adverbial_ip
bağlı	noun	bağ	compositive_li
bağlılık	noun	bağ	compositive_li suitative_lik
bağrış	noun	bağır	nounifier_iş
bağrış	verb	bağır	reflexive_is
bağı	noun	bağ	possessive_3sg
bağımlı	noun	bağım	compositive_li
bağımlılık	noun	bağım	compositive_li suitative_lik
bağımlığı	noun	bağım	suitative_lik possessive_3sg
bağımsız	noun	bağım	privative_siz
bağımsızlık	noun	bağım	privative_siz suitative_lik
bağın	noun	bağ	noun_compound
bağıra	noun	bağır	adverbial_e
bağıran	noun	bağır	factative_en
bağırmak	noun	bağır	infinitive_mek
bağırt	verb	bağır	active_it
bağırtmak	noun	bağır	active_it infinitive_mek
bağırış	noun	bağır	nounifier_iş
bağışla	verb	bağış	applicative_le
başa	noun	baş	dative_e
başaran	noun	başar	factative_en
başarmak	noun	başar	infinitive_mek
başarılı	noun	başarı	compositive_li
başarıp	noun	başar	adverbial_ip
başarır	noun	başar	factative_ir
başarısız	noun	başarı	privative_siz
başarısızlıkla	noun	başarı	privative_siz suitative_lik confactuous_le
başarısızlığa	noun	başarı	privative_siz suitative_lik dative_e
başağa	noun	başak	dative_e
başbakanlık	noun	başbakan	suitative_lik
başhekimlik	noun	başhekim	suitative_lik
başkaca	noun	başka	relative_ce
başkanlık	noun	başkan	suitative_lik
başkanlığına	noun	başkan	suitative_lik possessive_3sg dative_e
başkonsolosluk	noun	başkonsolos	suitative_lik
başla	verb	baş	applicative_le
başlama	noun	baş	applicative_le infinitive_me
başlamak	noun	baş	applicative_le infinitive_mek
başlamış	noun	baş	applicative_le pastfactative_miş
başlar	noun	baş	applicative_le factative_ir
başlatı	noun	başlat	accusative_i
başlayınca	noun	baş	applicative_le adverbial_ince
başlayıp	noun	baş	applicative_le adverbial_ip
başlayış	noun	baş	applicative_le nounifier_iş
başlı	noun	baş	compositive_li
başlık	noun	baş	suitative_lik
başlıklı	noun	baş	suitative_lik compositive_li
başsavcılık	noun	başsavcı	suitative_lik
başsavcılığına	noun	başsavcı	suitative_lik possessive_3sg dative_e
başsavcılığında	noun	başsavcı	suitative_lik possessive_3sg locative_de
başsavcılığındaki	noun	başsavcı	suitative_lik possessive_3sg locative_de marking_ki
başsavcılığından	noun	başsavcı	suitative_lik possessive_3sg ablative_den
başsavcılığını	noun	başsavcı	suitative_lik possessive_3sg accusative_i
başsavcılığının	noun	başsavcı	suitative_lik possessive_3sg noun_compound
başta	noun	baş	locative_de
baştan	noun	baş	ablative_den
başvurma	noun	başvur	infinitive_me
başvurmak	noun	başvur	infinitive_mek
başörtülü	noun	başörtü	compositive_li
başım	noun	baş	possessive_1sg
başında	noun	baş	possessive_3sg locative_de
bebeklik	noun	bebek	suitative_lik
becerikli	noun	becerik	compositive_li
beceriksiz	noun	becerik	privative_siz
becerme	noun	becer	infinitive_me
becermek	noun	becer	infinitive_mek
bedavacı	noun	bedava	actor_ci
bedavadan	noun	bedava	ablative_den
bedeldir	noun	bedel	nounaorist_dir
bedenci	noun	beden	actor_ci
bedeni	noun	beden	possessive_3sg
bedenimiz	noun	beden	possessive_1pl
bedeninizin	noun	beden	possessive_2pl noun_compound
bedri	noun	bedir	possessive_3sg
begin	noun	bek	possessive_2sg
bekleme	noun	bekle	infinitive_me
beklemede	noun	bekle	infinitive_me locative_de
beklemek	noun	bekle	infinitive_mek
beklememizi	noun	bekle	infinitive_me possessive_1pl accusative_i
beklendi	noun	bekle	passive_il pasttense_di
beklentili	noun	beklenti	compositive_li
bekleyiş	noun	bekle	nounifier_iş
bekleş	verb	bekle	reflexive_is
beklide	noun	bek	compositive_li locative_de
bekçi	noun	bek	actor_ci
belediyeci	noun	belediye	actor_ci
belgeci	noun	belge	actor_ci
belgele	verb	belge	applicative_le
belgeli	noun	belge	compositive_li
belgesinde	noun	belge	possessive_3sg locative_de
beli	noun	bel	possessive_3sg
belirince	noun	belir	adverbial_ince
beliritti	noun	belir	active_it pasttense_di
belirleme	noun	belirle	infinitive_me
belirlemek	noun	belirle	infinitive_mek
belirmek	noun	belir	infinitive_mek
belirtilen	noun	belir	active_it passive_il factative_en
belirtilir	noun	belir	active_it passive_il factative_ir
belirtim	noun	belir	active_it nounifier_im
belirtirerek	noun	belir	active_it active_ir adverbial_erek
belirtmek	noun	belir	active_it infinitive_mek
belle	verb	bel	applicative_le
bellemek	noun	bel	applicative_le infinitive_mek
belliydi	noun	belli	pasttense_noundi
belçikalı	noun	belçika	compositive_li
benci	noun	ben	actor_ci
benimseme	noun	benimse	infinitive_me
benimsenmek	noun	benimse	reflexive_in infinitive_mek
benimset	verb	benimse	active_it
benimsetmek	noun	benimse	active_it infinitive_mek
benli	noun	ben	compositive_li
benlik	noun	ben	suitative_lik
benlikçi	noun	ben	suitative_lik actor_ci
benzdeki	noun	benz	locative_de marking_ki
benzeme	noun	benze	infinitive_me
benzemek	noun	benze	infinitive_mek
benzemeklik	noun	benze	infinitive_mek suitative_lik
benzemez	noun	benze	negative_me factative_ir
benzer	noun	benze	factative_ir
benzeri	noun	benze	factative_ir possessive_3sg
benzerini	noun	benze	factative_ir possessive_3sg accusative_i
benzerlik	noun	benze	factative_ir suitative_lik
benzet	verb	benze	active_it
benzetim	noun	benze	active_it nounifier_im
benzetmek	noun	benze	active_it infinitive_mek
benzeyiş	noun	benze	nounifier_iş
benzeş	verb	benze	reflexive_is
benzeşme	noun	benze	reflexive_is infinitive_me
benzeşmek	noun	benze	reflexive_is infinitive_mek
beraberlik	noun	beraber	suitative_lik
bereketli	noun	bereket	compositive_li
berele	verb	bere	applicative_le
berkin	verb	berki	reflexive_in
bern	noun	bere	possessive_2sg
bertin	noun	bert	conjugation_2sg
besici	noun	besi	actor_ci
beslenen	noun	besle	passive_il factative_en
beslenil	verb	besle	reflexive_in passive_il
beslenilmek	noun	besle	reflexive_in passive_il infinitive_mek
besleyip	noun	besle	adverbial_ip
besmeleyle	noun	besmele	confactuous_le
besteci	noun	beste	actor_ci
bestecininin	noun	beste	actor_ci noun_compound conjugation_2sg
bestele	verb	beste	applicative_le
beteri	noun	beter	possessive_3sg
betoncu	noun	beton	actor_ci
beyannamemesin	noun	beyanname	possessive_1sg dative_e conjugation_2sg
beyazla	noun	beyaz	confactuous_le
beyazla	verb	beyaz	applicative_le
beyazlı	noun	beyaz	compositive_li
beygirci	noun	beygir	actor_ci
beyinli	noun	beyin	compositive_li
beyinsiz	noun	beyin	privative_siz
beylik	noun	bey	suitative_lik
beylikçi	noun	bey	suitative_lik actor_ci
bezci	noun	bez	actor_ci
bezdirilmek	noun	bez	active_dir passive_il infinitive_mek
bezemeci	noun	beze	infinitive_me actor_ci
bezemek	noun	beze	infinitive_mek
bezen	noun	bez	factative_en
bezen	verb	beze	reflexive_in
bezenmek	noun	beze	reflexive_in infinitive_mek
bezet	verb	beze	active_it
bezetmek	noun	beze	active_it infinitive_mek
bezilmek	noun	bez	passive_il infinitive_mek
bezme	noun	bez	infinitive_me
beğenir	noun	beğen	factative_ir
beğenmek	noun	beğen	infinitive_mek
beşiktaşlı	noun	beşiktaş	compositive_li
beşikçi	noun	beşik	actor_ci
beşli	noun	beş	compositive_li
beşlisi	noun	beş	compositive_li possessive_3sg
biberi	noun	biber	possessive_3sg
biberle	verb	biber	applicative_le
bifteğin	noun	biftek	noun_compound
bifteğinizi	noun	biftek	possessive_2pl accusative_i
bildik	noun	bil	adjectifier_dik
bildirererek	noun	bil	active_dir active_er adverbial_erek
bildirici	noun	bildiri	actor_ci
bildirilir	noun	bil	active_dir passive_il factative_ir
bildirilmek	noun	bil	active_dir passive_il infinitive_mek
bildiriş	noun	bil	active_dir nounifier_iş
bilen	noun	bil	factative_en
bilenler	noun	bil	factative_en applicative_le factative_ir
biletsiz	noun	bilet	privative_siz
bilgi	noun	bil	nounifier_gi
bilgilendirilme	noun	bil	nounifier_gi applicative_le reflexive_in active_dir passive_il infinitive_me
bilgilenmek	noun	bil	nounifier_gi applicative_le reflexive_in infinitive_mek
bilgili	noun	bil	nounifier_gi compositive_li
bilgimizden	noun	bil	nounifier_gi possessive_1pl ablative_den
bilginizle	noun	bil	nounifier_gi possessive_2pl confactuous_le
bilgisayarcı	noun	bilgisayar	actor_ci
bilgisiz	noun	bil	nounifier_gi privative_siz
bilim	noun	bil	nounifier_im
bilimsel	noun	bil	nounifier_im relative_sel
bilimsellik	noun	bil	nounifier_im relative_sel suitative_lik
bilincindeler	noun	bilinç	possessive_3sg locative_de conjugation_3pl
bilindik	noun	bil	passive_il adjectifier_dik
bilinen	noun	bil	passive_il factative_en
bilinme	noun	bil	reflexive_in infinitive_me
bilinmeyen	noun	bil	passive_il negative_me factative_en
bilinçlenip	noun	bilinç	applicative_le reflexive_in adverbial_ip
bilinçli	noun	bilinç	compositive_li
bilinçsiz	noun	bilinç	privative_siz
bilip	noun	bil	adverbial_ip
bilir	noun	bil	factative_ir
bilirkişilik	noun	bilirkişi	suitative_lik
bilişimci	noun	bilişim	actor_ci
bilmek	noun	bil	infinitive_mek
bilmiş	noun	bil	pastfactative_miş
binadan	noun	bina	ablative_den
binalar	noun	bina	plural_ler
binayı	noun	bina	accusative_i
bindik	noun	bin	adjectifier_dik
bindirilmek	noun	bin	active_dir passive_il infinitive_mek
binekte	noun	bin	toolative_ek locative_de
binici	noun	bini	actor_ci
binince	noun	bin	adverbial_ince
binine	noun	bin	reflexive_in adverbial_e
binip	noun	bin	adverbial_ip
binlerce	noun	bin	plural_ler relative_ce
binli	noun	bin	compositive_li
binlik	noun	bin	suitative_lik
binmek	noun	bin	infinitive_mek
binmiş	noun	bin	pastfactative_miş
binmişler	noun	bin	pastfactative_miş applicative_le factative_ir
biracı	noun	bira	actor_ci
biraderciyi	noun	birader	actor_ci accusative_i
biran	noun	bira	possessive_2sg
birci	noun	bir	actor_ci
birden	noun	bir	ablative_den
bireyci	noun	birey	actor_ci
bireycilik	noun	birey	actor_ci suitative_lik
bireyin	noun	birey	noun_compound
bireysel	noun	birey	relative_sel
bireysellik	noun	birey	relative_sel suitative_lik
birikim	noun	birik	nounifier_im
birikimi	noun	birik	nounifier_im possessive_3sg
birikiminle	noun	birik	nounifier_im possessive_2sg confactuous_le
birikip	noun	birik	adverbial_ip
birikmek	noun	birik	infinitive_mek
biriktirilmek	noun	birik	active_dir passive_il infinitive_mek
birinci	noun	bir	ordinal_inci
birincisi	noun	bir	ordinal_inci possessive_3sg
birle	verb	bir	applicative_le
birleş	verb	bir	applicative_le reflexive_is
birleşen	noun	bir	applicative_le reflexive_is factative_en
birleşilmek	noun	bir	applicative_le reflexive_is passive_il infinitive_mek
birleşme	noun	bir	applicative_le reflexive_is infinitive_me
birlik	noun	bir	suitative_lik
birliklerine	noun	bir	suitative_lik applicative_le active_er reflexive_in adverbial_e
birliktelik	noun	birlikte	suitative_lik
birlikteliklerini	noun	birlikte	suitative_lik possessive_3pl accusative_i
birlikteliğimizden	noun	birlikte	suitative_lik possessive_1pl ablative_den
birliğimize	noun	bir	suitative_lik possessive_1pl dative_e
bisikletten	noun	bisiklet	ablative_den
biter	noun	bit	factative_ir
bitim	noun	bit	nounifier_im
bitince	noun	bit	adverbial_ince
bitip	noun	bit	adverbial_ip
bitir	verb	bit	active_ir
bitirilmek	noun	bit	active_ir passive_il infinitive_mek
bitirince	noun	bit	active_ir adverbial_ince
bitirmiş	noun	bit	active_ir pastfactative_miş
bitiştirilmek	noun	bit	reflexive_is active_dir passive_il infinitive_mek
bitki	noun	bit	nounifier_gi
bitkinlik	noun	bitkin	suitative_lik
bitmek	noun	bit	infinitive_mek
bitmiş	noun	bit	pastfactative_miş
bitmişi	noun	bit	pastfactative_miş possessive_3sg
bitti	noun	bit	pasttense_di
biyolojici	noun	biyoloji	actor_ci
bizanslı	noun	bizans	compositive_li
bizce	noun	biz	relative_ce
biçim	noun	biç	nounifier_im
biçimci	noun	biç	nounifier_im actor_ci
biçimle	verb	biç	nounifier_im applicative_le
biçimlendirilmek	noun	biç	nounifier_im applicative_le reflexive_in active_dir passive_il infinitive_mek
biçmek	noun	biç	infinitive_mek
bogusun	noun	bok	possessive_3sg conjugation_2sg
bohçacı	noun	bohça	actor_ci
boliçe	noun	boliç	dative_e
bombacı	noun	bomba	actor_ci
bombala	verb	bomba	applicative_le
bombalı	noun	bomba	compositive_li
bomda	noun	bom	locative_de
boncukçuluk	noun	boncuk	actor_ci suitative_lik
borsacı	noun	borsa	actor_ci
boruculuk	noun	boru	actor_ci suitative_lik
borçlanma	noun	borç	applicative_le reflexive_in infinitive_me
bosnalı	noun	bosna	compositive_li
boyacı	noun	boya	actor_ci
boyamak	noun	boya	infinitive_mek
boyanmak	noun	boya	passive_il infinitive_mek
boyatmak	noun	boya	active_it infinitive_mek
boyla	verb	boy	applicative_le
boylu	noun	boy	compositive_li
boyu	noun	boy	possessive_3sg
boyuna	noun	boy	possessive_3sg dative_e
boyutlu	noun	boyut	compositive_li
boyutluluk	noun	boyut	compositive_li suitative_lik
bozada	noun	boza	locative_de
bozarmak	noun	bozar	infinitive_mek
bozdurma	noun	boz	active_dir infinitive_me
bozdurtmak	noun	boz	active_dir active_it infinitive_mek
bozdurulmak	noun	boz	active_dir passive_il infinitive_mek
bozma	noun	boz	infinitive_me
bozmak	noun	boz	infinitive_mek
bozukluk	noun	bozuk	suitative_lik
bozuluş	noun	boz	passive_il nounifier_iş
bozuş	verb	boz	reflexive_is
bozuşmak	noun	boz	reflexive_is infinitive_mek
boğazla	verb	boğaz	applicative_le
boğdurt	verb	boğ	active_dir active_it
boğdurtmak	noun	boğ	active_dir active_it infinitive_mek
boğmak	noun	boğ	infinitive_mek
boğul	verb	boğ	passive_il
boğuş	verb	boğ	reflexive_is
boğuşmak	noun	boğ	reflexive_is infinitive_mek
boşalmak	noun	boşal	infinitive_mek
boşalt	verb	boşal	active_it
boşamak	noun	boşa	infinitive_mek
boşanmak	noun	boşa	reflexive_in infinitive_mek
boşatmak	noun	boşa	active_it infinitive_mek
boşayıp	noun	boşa	adverbial_ip
boşla	verb	boş	applicative_le
boşluk	noun	boş	suitative_lik
boştu	noun	boş	pasttense_noundi
boşuna	noun	boş	possessive_3sg dative_e
brahmsın	noun	brahma	conjugation_2sg
brezilyalı	noun	brezilya	compositive_li
bucaksız	noun	bucak	privative_siz
budalaca	noun	budala	relative_ce
budan	verb	buda	reflexive_in
budanmak	noun	buda	reflexive_in infinitive_mek
budat	verb	buda	active_it
budatmak	noun	buda	active_it infinitive_mek
bugünle	noun	bugün	confactuous_le
bugünlerde	noun	bugün	plural_ler locative_de
buharlı	noun	buhar	compositive_li
bulanıklık	noun	bulanık	suitative_lik
bulaşıkçı	noun	bulaşık	actor_ci
buldukça	noun	bul	adverbial_dikçe
buldum	noun	bul	pasttense_di conjugation_1sg
buldurtmak	noun	bul	active_dir active_it infinitive_mek
bulgu	noun	bul	nounifier_gi
bulgula	verb	bul	nounifier_gi applicative_le
bulgurcu	noun	bulgur	actor_ci
bulma	noun	bul	infinitive_me
bulmak	noun	bul	infinitive_mek
bulmalı	noun	bul	infinitive_me compositive_li
bulun	verb	bul	reflexive_in
bulunana	noun	bul	reflexive_in factative_en dative_e
bulunca	noun	bul	adverbial_ince
bulunduğunda	noun	bul	passive_il adjectifier_dik possessive_3sg locative_de
bulunmak	noun	bul	reflexive_in infinitive_mek
bulunup	noun	bul	reflexive_in adverbial_ip
bulup	noun	bul	adverbial_ip
bulutlu	noun	bulut	compositive_li
bulutsuzluk	noun	bulut	privative_siz suitative_lik
buluz	noun	bul	conjugation_1pl
buluş	noun	bul	nounifier_iş
buluş	verb	bul	reflexive_is
buluşana	noun	bul	reflexive_is factative_en dative_e
buluşma	noun	bul	reflexive_is infinitive_me
buluşmak	noun	bul	reflexive_is infinitive_mek
buluşup	noun	bul	reflexive_is adverbial_ip
buluşçu	noun	bul	nounifier_iş actor_ci
buluşçuya	noun	bul	nounifier_iş actor_ci dative_e
bunalmak	noun	bunal	infinitive_mek
bunalım	noun	bunal	nounifier_im
bunmak	noun	bun	infinitive_mek
bununda	noun	bun	possessive_3sg locative_de
burca	noun	burç	dative_e
burcumak	noun	burcu	infinitive_mek
burkmak	noun	burk	infinitive_mek
burma	noun	bur	infinitive_me
burmak	noun	bur	infinitive_mek
burncundanım	noun	burun	actor_ci possessive_2sg ablative_den conjugation_1sg
bursalı	noun	bursa	compositive_li
burslu	noun	burs	compositive_li
buruş	verb	bur	reflexive_is
buruşmak	noun	bur	reflexive_is infinitive_mek
buyrukçu	noun	buyruk	actor_ci
buyurmak	noun	buyur	infinitive_mek
buyursunlar	noun	buyur	conjugation_3pl
buzcu	noun	buz	actor_ci
buzluk	noun	buz	suitative_lik
buğdayı	noun	buğday	accusative_i
buğula	verb	buğu	applicative_le
bölgeci	noun	bölge	actor_ci
bölgenin	noun	bölge	noun_compound
bölgesi	noun	bölge	possessive_3sg
bölgesine	noun	bölge	possessive_3sg dative_e
bölmek	noun	böl	infinitive_mek
bölüm	noun	böl	nounifier_im
bölümdendi	noun	böl	nounifier_im ablative_den pasttense_noundi
bölümle	verb	böl	nounifier_im applicative_le
bölünme	noun	böl	passive_il infinitive_me
bölünmek	noun	böl	reflexive_in infinitive_mek
bölünüş	noun	böl	reflexive_in nounifier_iş
bölüş	noun	böl	nounifier_iş
bölüş	verb	böl	reflexive_is
bölüşmek	noun	böl	reflexive_is infinitive_mek
böylece	noun	böyle	relative_ce
böylelikle	noun	böyle	suitative_lik confactuous_le
böylesine	noun	böyle	possessive_3sg dative_e
büfeci	noun	büfe	actor_ci
büke	noun	bük	adverbial_e
bükmek	noun	bük	infinitive_mek
büktür	verb	bük	active_dir
büktürmek	noun	bük	active_dir infinitive_mek
bükülme	noun	bük	passive_il infinitive_me
bükülüş	noun	bük	passive_il nounifier_iş
bükün	verb	bük	reflexive_in
bükünmek	noun	bük	reflexive_in infinitive_mek
büküş	noun	bük	nounifier_iş
bülteni	noun	bülten	accusative_i
bürokrasisine	noun	bürokrasi	possessive_3sg dative_e
bürokratı	noun	bürokrat	possessive_3sg
bürümek	noun	bürü	infinitive_mek
bürün	verb	bürü	reflexive_in
bütçele	verb	bütçe	applicative_le
bütünle	verb	bütün	applicative_le
bütünlük	noun	bütün	suitative_lik
büyücü	noun	büyü	actor_ci
büyükelçilik	noun	büyükelçi	suitative_lik
büyükelçiliğinde	noun	büyükelçi	suitative_lik possessive_3sg locative_de
büyükelçiliğine	noun	büyükelçi	suitative_lik possessive_3sg dative_e
büyükelçiliğini	noun	büyükelçi	suitative_lik possessive_3sg accusative_i
büyükelçiliğinin	noun	büyükelçi	suitative_lik possessive_3sg noun_compound
büyüklerden	noun	büyük	plural_ler ablative_den
büyüklere	noun	büyük	plural_ler dative_e
büyükmüş	noun	büyük	copula_mis
büyüktür	noun	büyük	nounaorist_dir
büyültmek	noun	büyüle	active_it infinitive_mek
büyülü	noun	büyü	compositive_li
büyüme	noun	büyü	infinitive_me
büyümek	noun	büyü	infinitive_mek
büyüt	verb	büyü	active_it
büyütmek	noun	büyü	active_it infinitive_mek
büyütüş	noun	büyü	active_it nounifier_iş
büyüyünce	noun	büyü	adverbial_ince
büyüyüp	noun	büyü	adverbial_ip
büzmek	noun	büz	infinitive_mek
büzülüş	noun	büz	passive_il nounifier_iş
büzüş	verb	büz	reflexive_is
büzüşmek	noun	büz	reflexive_is infinitive_mek
büğlü	noun	bük	compositive_li
bıkmak	noun	bık	infinitive_mek
bıkıp	noun	bık	adverbial_ip
bırakma	noun	bırak	infinitive_me
bırakmak	noun	bırak	infinitive_mek
bırakıp	noun	bırak	adverbial_ip
bıçakla	verb	bıçak	applicative_le
bıçaklamak	noun	bıçak	applicative_le infinitive_mek
caddesi	noun	cadde	possessive_3sg
caferilik	noun	caferi	suitative_lik
camcı	noun	cam	actor_ci
camma	noun	cam	dative_e
camsız	noun	cam	privative_siz
cana	noun	can	dative_e
candan	noun	can	ablative_den
canlı	noun	can	compositive_li
canlıydı	noun	can	compositive_li pasttense_noundi
cansız	noun	can	privative_siz
canım	noun	can	possessive_1sg
casusluk	noun	casus	suitative_lik
caydırış	noun	cay	active_dir nounifier_iş
cayma	noun	cay	infinitive_me
caymak	noun	cay	infinitive_mek
cazcı	noun	caz	actor_ci
cebri	noun	cebir	possessive_3sg
cehalettir	noun	cehalet	nounaorist_dir
celladın	noun	cellat	possessive_2sg
cemseler	noun	cem	if_se conjugation_3pl
cenneti	noun	cennet	possessive_3sg
centilmenlik	noun	centilmen	suitative_lik
cepçi	noun	cep	actor_ci
cesaretlendirilmek	noun	cesaret	applicative_le reflexive_in active_dir passive_il infinitive_mek
cesaretlerdirdiğini	noun	cesaret	applicative_le active_ir active_dir adjectifier_dik possessive_3sg accusative_i
cesedimi	noun	ceset	possessive_1sg accusative_i
cevapla	verb	cevap	applicative_le
cevapsız	noun	cevap	privative_siz
cevheri	noun	cevher	possessive_3sg
cevizi	noun	ceviz	possessive_3sg
cevizli	noun	ceviz	compositive_li
cezalı	noun	ceza	compositive_li
cezasız	noun	ceza	privative_siz
cezayirli	noun	cezayir	compositive_li
cezbetmek	noun	cezbet	infinitive_mek
cilacı	noun	cila	actor_ci
cilala	verb	cila	applicative_le
ciltle	verb	cilt	applicative_le
cinci	noun	cin	actor_ci
cinsellik	noun	cinsel	suitative_lik
cinsi	noun	cin	approximative_si
ciritli	noun	cirit	compositive_li
civarlarında	noun	civar	possessive_3pl locative_de
civarı	noun	civar	possessive_3sg
civarında	noun	civar	possessive_3sg locative_de
ciğerci	noun	ciğer	actor_ci
copla	verb	cop	applicative_le
coğrafyacı	noun	coğrafya	actor_ci
coğrafyacılık	noun	coğrafya	actor_ci suitative_lik
coşan	noun	coş	factative_en
coşkulu	noun	coşku	compositive_li
coşkusuz	noun	coşku	privative_siz
coşmak	noun	coş	infinitive_mek
coştu	noun	coş	pasttense_di
coşturan	noun	coş	active_dir factative_en
coşturmak	noun	coş	active_dir infinitive_mek
coşup	noun	coş	adverbial_ip
cuba	noun	cup	dative_e
cumalı	noun	cuma	compositive_li
cumartesiden	noun	cumartesi	ablative_den
cumhuriyeti	noun	cumhuriyet	possessive_3sg
cumhuriyetçi	noun	cumhuriyet	actor_ci
cömertliktir	noun	cömert	suitative_lik nounaorist_dir
cübbeci	noun	cübbe	actor_ci
cümlesi	noun	cümle	possessive_3sg
cılga	noun	cılk	dative_e
dahice	noun	dahi	relative_ce
dahildir	noun	dahil	nounaorist_dir
dahiliye	noun	dahi	compositive_li dative_e
dakikalık	noun	dakika	suitative_lik
dakikasında	noun	dakika	possessive_3sg locative_de
dalar	noun	dal	factative_ir
daldırtmak	noun	dal	active_dir active_it infinitive_mek
daldırış	noun	dal	active_dir nounifier_iş
dalgacı	noun	dalga	actor_ci
dalgalandırış	noun	dalga	applicative_le reflexive_in active_dir nounifier_iş
dalgalı	noun	dalga	compositive_li
dalgınlık	noun	dalgın	suitative_lik
dalla	verb	dal	applicative_le
dalmak	noun	dal	infinitive_mek
dalyancı	noun	dalyan	actor_ci
dalınca	noun	dal	adverbial_ince
dalıp	noun	dal	adverbial_ip
damgacı	noun	damga	actor_ci
damgala	verb	damga	applicative_le
damgalayış	noun	damga	applicative_le nounifier_iş
damlacık	noun	damla	diminutive_cik
danimarkalı	noun	danimarka	compositive_li
dansçı	noun	dans	actor_ci
danışma	noun	danış	infinitive_me
danışmak	noun	danış	infinitive_mek
danışmanlık	noun	danışman	suitative_lik
daralma	noun	daral	infinitive_me
daralmak	noun	daral	infinitive_mek
darbeci	noun	darbe	actor_ci
darbecilik	noun	darbe	actor_ci suitative_lik
darbukacı	noun	darbuka	actor_ci
darlık	noun	dar	suitative_lik
darıcı	noun	darı	actor_ci
davacı	noun	dava	actor_ci
davalı	noun	dava	compositive_li
davetli	noun	davet	compositive_li
davranmak	noun	davran	infinitive_mek
davranılsa	noun	davran	passive_il wish_suffix
davranış	noun	davran	nounifier_iş
davranıştır	noun	davran	nounifier_iş nounaorist_dir
davulcu	noun	davul	actor_ci
dayamak	noun	daya	infinitive_mek
dayan	verb	daya	reflexive_in
dayanmak	noun	daya	reflexive_in infinitive_mek
dayanıklı	noun	dayanık	compositive_li
dayanıklılık	noun	dayanık	compositive_li suitative_lik
dayanıksız	noun	dayanık	privative_siz
dayanış	verb	daya	reflexive_in reflexive_is
dayanışma	noun	daya	reflexive_in reflexive_is infinitive_me
dayat	verb	daya	active_it
dayatmak	noun	daya	active_it infinitive_mek
dayım	noun	dayı	possessive_1sg
dağcı	noun	dağ	actor_ci
dağcılık	noun	dağ	actor_ci suitative_lik
dağla	verb	dağ	applicative_le
dağlatış	noun	dağ	applicative_le active_it nounifier_iş
dağlayış	noun	dağ	applicative_le nounifier_iş
dağlı	noun	dağ	compositive_li
dağlık	noun	dağ	suitative_lik
dağlımındaki	noun	dağıl	nounifier_im possessive_3sg locative_de marking_ki
dağılmak	noun	dağıl	infinitive_mek
dağılım	noun	dağıl	nounifier_im
dağılıp	noun	dağıl	adverbial_ip
dağıtmak	noun	dağıt	infinitive_mek
dağıtım	noun	dağıt	nounifier_im
dedikoducu	noun	dedikodu	actor_ci
dediler	noun	de	pasttense_di conjugation_3pl
dedirt	verb	de	active_dir active_it
dedirtmek	noun	de	active_dir active_it infinitive_mek
defansla	noun	defans	confactuous_le
defasında	noun	defa	possessive_3sg locative_de
defetmek	noun	defet	infinitive_mek
defle	verb	def	applicative_le
defnedil	verb	defnet	passive_il
defnedilmek	noun	defnet	passive_il infinitive_mek
defnetmek	noun	defnet	infinitive_mek
defterci	noun	defter	actor_ci
deklanşöre	noun	deklanşör	dative_e
dekorcu	noun	dekor	actor_ci
delecek	noun	del	nounifier_ecek
delici	noun	deli	actor_ci
delikanlıyı	noun	delikanlı	accusative_i
delikli	noun	delik	compositive_li
delirmek	noun	delir	infinitive_mek
delirt	verb	delir	active_it
delirtmek	noun	delir	active_it infinitive_mek
delle	noun	del	adverbial_e
delmek	noun	del	infinitive_mek
deme	noun	de	infinitive_me
demek	noun	de	infinitive_mek
demektir	noun	de	infinitive_mek nounaorist_dir
demetletiş	noun	demet	applicative_le active_it nounifier_iş
demetleyiş	noun	demet	applicative_le nounifier_iş
demiri	noun	demir	accusative_i
demirle	verb	demir	applicative_le
demirleme	noun	demir	applicative_le infinitive_me
demirli	noun	demir	compositive_li
demokrasiye	noun	demokrasi	dative_e
demokrasiyi	noun	demokrasi	accusative_i
demokratikleşme	noun	demokratik	applicative_le reflexive_is infinitive_me
deneme	noun	dene	infinitive_me
denemeci	noun	dene	infinitive_me actor_ci
denemek	noun	dene	infinitive_mek
denemektir	noun	dene	infinitive_mek nounaorist_dir
denen	verb	dene	reflexive_in
denenmek	noun	dene	passive_il infinitive_mek
denetil	verb	dene	active_it passive_il
denetilmek	noun	dene	active_it passive_il infinitive_mek
denetim	noun	dene	active_it nounifier_im
denetimci	noun	dene	active_it nounifier_im actor_ci
denetimsiz	noun	dene	active_it nounifier_im privative_siz
denetle	verb	denet	applicative_le
denetleme	noun	denet	applicative_le infinitive_me
denetlemektir	noun	denet	applicative_le infinitive_mek nounaorist_dir
denetçi	noun	denet	actor_ci
deneyci	noun	deney	actor_ci
deneyimci	noun	deneyim	actor_ci
deneyimlemek	noun	deneyim	applicative_le infinitive_mek
deneyimli	noun	deneyim	compositive_li
dengeci	noun	denge	actor_ci
dengele	verb	denge	applicative_le
dengelemek	noun	denge	applicative_le infinitive_mek
dengeli	noun	denge	compositive_li
denizaltıcı	noun	denizaltı	actor_ci
denizci	noun	deniz	actor_ci
denizciler	noun	deniz	actor_ci applicative_le factative_ir
denizcilik	noun	deniz	actor_ci suitative_lik
denize	noun	deniz	dative_e
denmek	noun	de	passive_il infinitive_mek
densiz	noun	den	privative_siz
depocu	noun	depo	actor_ci
depoculuk	noun	depo	actor_ci suitative_lik
depola	verb	depo	applicative_le
derecelendirilmek	noun	derece	applicative_le reflexive_in active_dir passive_il infinitive_mek
derecelik	noun	derece	suitative_lik
derili	noun	deri	compositive_li
derinden	noun	derin	ablative_den
derinle	verb	derin	applicative_le
derinlemesine	noun	derin	applicative_le infinitive_me possessive_3sg dative_e
derinlik	noun	derin	suitative_lik
derinliğine	noun	derin	suitative_lik possessive_3sg dative_e
derken	noun	de	factative_ir when_ken
derler	noun	derle	factative_ir
derneği	noun	dernek	possessive_3sg
dertleş	verb	dert	applicative_le reflexive_is
dertleşmek	noun	dert	applicative_le reflexive_is infinitive_mek
desenci	noun	desen	actor_ci
desenli	noun	desen	compositive_li
destancı	noun	destan	actor_ci
destekle	verb	destek	applicative_le
desteklemek	noun	destek	applicative_le infinitive_mek
destekleyiş	noun	destek	applicative_le nounifier_iş
destekli	noun	destek	compositive_li
destekçi	noun	destek	actor_ci
desteğimiz	noun	destek	possessive_1pl
detaylı	noun	detay	compositive_li
devamlı	noun	devam	compositive_li
deveci	noun	deve	actor_ci
devire	noun	devir	adverbial_e
devirli	noun	devir	compositive_li
devirmek	noun	devir	infinitive_mek
devralmak	noun	devral	infinitive_mek
devredil	verb	devret	passive_il
devredilmek	noun	devret	passive_il infinitive_mek
devredip	noun	devret	adverbial_ip
devretmek	noun	devret	infinitive_mek
devrimci	noun	devrim	actor_ci
devşirmek	noun	devşir	infinitive_mek
deyimimle	noun	deyim	possessive_1sg confactuous_le
deyiver	verb	de	suddenative_ivermek
değdiriş	noun	değ	active_dir nounifier_iş
değer	noun	değ	factative_ir
değerle	verb	değ	factative_ir applicative_le
değerledirmek	noun	değ	factative_ir applicative_le active_dir infinitive_mek
değerledirmelerle	noun	değ	factative_ir applicative_le active_dir infinitive_me applicative_le factative_ir confactuous_le
değerlendiril	verb	değ	factative_ir applicative_le reflexive_in active_dir passive_il
değerlendirilmek	noun	değ	factative_ir applicative_le reflexive_in active_dir passive_il infinitive_mek
değerlendirme	noun	değ	factative_ir applicative_le reflexive_in active_dir infinitive_me
değerlenirilip	noun	değ	factative_ir applicative_le reflexive_in active_ir passive_il adverbial_ip
değerli	noun	değ	factative_ir compositive_li
değersiz	noun	değ	factative_ir privative_siz
değille	verb	değil	applicative_le
değim	noun	değ	nounifier_im
değin	verb	değ	reflexive_in
değiniş	noun	değ	reflexive_in nounifier_iş
değir	verb	değ	active_ir
değirmek	noun	değ	active_ir infinitive_mek
değiş	verb	değ	reflexive_is
değişiklik	noun	değişik	suitative_lik
değişim	noun	değ	reflexive_is nounifier_im
değişiş	noun	değ	reflexive_is nounifier_iş
değişken	noun	değ	reflexive_is constofactative_gen
değişme	noun	değ	reflexive_is infinitive_me
değiştir	verb	değ	reflexive_is active_dir
değiştirici	noun	değiştiri	actor_ci
değiştirilmek	noun	değ	reflexive_is active_dir passive_il infinitive_mek
değiştirtmek	noun	değ	reflexive_is active_dir active_it infinitive_mek
değmek	noun	değ	infinitive_mek
değnekten	noun	değnek	ablative_den
didinmek	noun	didin	infinitive_mek
dikenli	noun	diken	compositive_li
dikensiz	noun	diken	privative_siz
dikil	verb	dik	passive_il
dikiliş	noun	dik	passive_il nounifier_iş
dikim	noun	dik	nounifier_im
dikine	noun	dik	reflexive_in adverbial_e
dikip	noun	dik	adverbial_ip
dikle	verb	dik	applicative_le
diklen	verb	dik	applicative_le reflexive_in
dikme	noun	dik	infinitive_me
dikmek	noun	dik	infinitive_mek
diktacı	noun	dikta	actor_ci
diktatörlük	noun	diktatör	suitative_lik
diktirt	verb	dik	active_dir active_it
diktirtmek	noun	dik	active_dir active_it infinitive_mek
dilci	noun	dil	actor_ci
dilen	verb	dile	reflexive_in
dili	noun	dil	possessive_3sg
dilim	noun	dil	nounifier_im
dilimle	verb	dil	nounifier_im applicative_le
dillen	verb	dil	applicative_le reflexive_in
dilli	noun	dil	compositive_li
dilmek	noun	dil	infinitive_mek
dilsiz	noun	dil	privative_siz
dinamitle	verb	dinamit	applicative_le
dince	noun	din	relative_ce
dincelt	verb	dincel	active_it
dinci	noun	din	actor_ci
dine	noun	din	adverbial_e
dinen	noun	din	factative_en
dininizi	noun	din	possessive_2pl accusative_i
dinlemek	noun	dinle	infinitive_mek
dinlenil	verb	dinlen	passive_il
dinlenilmek	noun	dinlen	passive_il infinitive_mek
dinlenme	noun	dinlen	infinitive_me
dinmek	noun	din	infinitive_mek
dinsizlik	noun	din	privative_siz suitative_lik
dinçlik	noun	dinç	suitative_lik
dipsiz	noun	dip	privative_siz
diremek	noun	dire	infinitive_mek
direneceklerdir	noun	diren	nounifier_ecek applicative_le factative_ir nounaorist_dir
direniş	noun	diren	nounifier_iş
direnmek	noun	diren	infinitive_mek
dirençli	noun	direnç	compositive_li
diret	verb	dire	active_it
diretmek	noun	dire	active_it infinitive_mek
direş	verb	dire	reflexive_is
direşmek	noun	dire	reflexive_is infinitive_mek
dirilmek	noun	diril	infinitive_mek
disipline	noun	disiplin	dative_e
diyarbakırlı	noun	diyarbakır	compositive_li
dizayncı	noun	dizayn	actor_ci
dizginle	verb	dizgin	applicative_le
dizili	noun	dizi	compositive_li
dişle	verb	diş	applicative_le
dişli	noun	diş	compositive_li
dişçi	noun	diş	actor_ci
doktorculuk	noun	doktor	actor_ci suitative_lik
doktorluk	noun	doktor	suitative_lik
dokulu	noun	doku	compositive_li
dokum	noun	doku	nounifier_im
dokuma	noun	doku	infinitive_me
dokumak	noun	doku	infinitive_mek
dokunaklı	noun	dokunak	compositive_li
dokunma	noun	dokun	infinitive_me
dokunmak	noun	dokun	infinitive_mek
dokunulmaz	noun	dokun	passive_il negative_me factative_ir
dokunulmazlık	noun	dokun	passive_il negative_me factative_ir suitative_lik
dokunuş	noun	dokun	nounifier_iş
dokut	verb	doku	active_it
dokutmak	noun	doku	active_it infinitive_mek
dokuzlu	noun	dokuz	compositive_li
dolan	noun	dol	factative_en
dolan	verb	dola	reflexive_in
dolandır	verb	dola	reflexive_in active_dir
dolandırılış	noun	dola	reflexive_in active_dir passive_il nounifier_iş
dolandırış	noun	dola	reflexive_in active_dir nounifier_iş
dolanlı	noun	dol	factative_en compositive_li
dolaptan	noun	dolap	ablative_den
dolarlık	noun	dolar	suitative_lik
dolaylı	noun	dolay	compositive_li
dolaysız	noun	dolay	privative_siz
dolayısıyla	noun	dolayı	possessive_3sg confactuous_le
dolaş	verb	dola	reflexive_is
dolaşıp	noun	dola	reflexive_is adverbial_ip
dolaşır	noun	dola	reflexive_is factative_ir
doldurtmak	noun	dol	active_dir active_it infinitive_mek
dolduruyorsun	noun	dol	active_dir continuous_iyor conjugation_2sg
dolduruş	noun	dol	active_dir nounifier_iş
dolgu	noun	dol	nounifier_gi
dolgulu	noun	dol	nounifier_gi compositive_li
dolma	noun	dol	infinitive_me
dolmak	noun	dol	infinitive_mek
dolmalık	noun	dol	infinitive_me suitative_lik
dolmuş	noun	dol	pastfactative_miş
dolmuşçuluk	noun	dol	pastfactative_miş actor_ci suitative_lik
doluluk	noun	dolu	suitative_lik
dolup	noun	dol	adverbial_ip
dolusu	noun	dolu	possessive_3sg
doluydu	noun	dolu	pasttense_noundi
doluş	noun	dol	nounifier_iş
doluşmak	noun	dol	reflexive_is infinitive_mek
domatesli	noun	domates	compositive_li
donamak	noun	dona	infinitive_mek
donan	verb	dona	reflexive_in
donanmak	noun	dona	reflexive_in infinitive_mek
donanımsız	noun	donanım	privative_siz
donat	verb	dona	active_it
donatmak	noun	dona	active_it infinitive_mek
donatım	noun	dona	active_it nounifier_im
dondurma	noun	don	active_dir infinitive_me
dondurmacı	noun	don	active_dir infinitive_me actor_ci
dondurulmuş	noun	don	active_dir passive_il pastfactative_miş
donmak	noun	don	infinitive_mek
donna	noun	don	adverbial_e
donup	noun	don	adverbial_ip
dostluk	noun	dost	suitative_lik
dostum	noun	dost	possessive_1sg
dostça	noun	dost	relative_ce
dosyala	verb	dosya	applicative_le
dosyana	noun	dosya	possessive_2sg dative_e
doyası	noun	doy	willing_esi
doyasıya	noun	doy	willing_esi dative_e
doymak	noun	doy	infinitive_mek
doyum	noun	doy	nounifier_im
doyur	verb	doy	active_ir
doyuran	noun	doy	active_ir factative_en
doyurmak	noun	doy	active_ir infinitive_mek
doçentlik	noun	doçent	suitative_lik
doğacı	noun	doğa	actor_ci
doğalcı	noun	doğal	actor_ci
doğallık	noun	doğal	suitative_lik
doğallıkla	noun	doğal	suitative_lik confactuous_le
doğan	noun	doğ	factative_en
doğancılar	noun	doğa	ordinal_inci applicative_le factative_ir
doğar	noun	doğ	factative_ir
doğmak	noun	doğ	infinitive_mek
doğmuştur	noun	doğ	pastfactative_miş nounaorist_dir
doğramacı	noun	doğra	infinitive_me actor_ci
doğramak	noun	doğra	infinitive_mek
doğranmak	noun	doğra	reflexive_in infinitive_mek
doğratmak	noun	doğra	active_it infinitive_mek
doğrayıp	noun	doğra	adverbial_ip
doğruca	noun	doğru	relative_ce
doğrucu	noun	doğru	actor_ci
doğrudan	noun	doğru	ablative_den
doğrula	verb	doğru	applicative_le
doğrultulu	noun	doğrultu	compositive_li
doğruluk	noun	doğru	suitative_lik
doğrusal	noun	doğru	relative_sel
doğrusu	noun	doğru	possessive_3sg
doğudan	noun	doğu	ablative_den
doğulu	noun	doğu	compositive_li
doğum	noun	doğ	nounifier_im
doğumlu	noun	doğ	nounifier_im compositive_li
doğup	noun	doğ	adverbial_ip
doğur	verb	doğ	active_ir
doğurganlık	noun	doğurgan	suitative_lik
doğurmak	noun	doğ	active_ir infinitive_mek
doğurtmak	noun	doğ	active_ir active_it infinitive_mek
doğuruş	noun	doğ	active_ir nounifier_iş
doğuş	noun	doğ	nounifier_iş
doğuştan	noun	doğ	nounifier_iş ablative_den
duamdır	noun	dua	possessive_1sg nounaorist_dir
dumanlı	noun	duman	compositive_li
dura	noun	dur	adverbial_e
duraksama	noun	duraksa	infinitive_me
duraksayış	noun	duraksa	nounifier_iş
duran	noun	dur	factative_en
durağanlık	noun	durağan	suitative_lik
durdurt	verb	dur	active_dir active_it
durdurtmak	noun	dur	active_dir active_it infinitive_mek
durduruş	noun	dur	active_dir nounifier_iş
durgunluk	noun	durgun	suitative_lik
durmak	noun	dur	infinitive_mek
durul	verb	dur	passive_il
durula	verb	duru	applicative_le
durum	noun	dur	nounifier_im
durumda	noun	dur	nounifier_im locative_de
durumun	noun	duru	possessive_1sg conjugation_2sg
durumunda	noun	dur	nounifier_im possessive_3sg locative_de
durup	noun	dur	adverbial_ip
duruş	noun	dur	nounifier_iş
duruşma	noun	dur	reflexive_is infinitive_me
duruşu	noun	dur	nounifier_iş possessive_3sg
duvarcı	noun	duvar	actor_ci
duyar	noun	duy	factative_ir
duyarlı	noun	duy	factative_ir compositive_li
duygu	noun	duy	nounifier_gi
duygudur	noun	duy	nounifier_gi nounaorist_dir
duygudurum	noun	duy	nounifier_gi nounaorist_dir conjugation_1sg
duygulu	noun	duy	nounifier_gi compositive_li
duygusal	noun	duy	nounifier_gi relative_sel
duygusallık	noun	duy	nounifier_gi relative_sel suitative_lik
duygusuz	noun	duy	nounifier_gi privative_siz
duyma	noun	duy	infinitive_me
duymak	noun	duy	infinitive_mek
duyulmamış	noun	duy	passive_il negative_me pastfactative_miş
duyulur	noun	duy	passive_il factative_ir
duyumsama	noun	duyumsa	infinitive_me
duyumsat	verb	duyumsa	active_it
duyumsatmak	noun	duyumsa	active_it infinitive_mek
duyunca	noun	duy	adverbial_ince
duyur	verb	duy	active_ir
duyurmak	noun	duy	active_ir infinitive_mek
duyurmağ	noun	duy	active_ir infinitive_mek
duyurulma	noun	duy	active_ir passive_il infinitive_me
duyurunca	noun	duy	active_ir adverbial_ince
duyuş	noun	duy	nounifier_iş
duşa	noun	duş	dative_e
dökme	noun	dök	infinitive_me
dökmeci	noun	dök	infinitive_me actor_ci
dökmek	noun	dök	infinitive_mek
döküm	noun	dök	nounifier_im
dökün	verb	dök	reflexive_in
döndüren	noun	dön	active_dir factative_en
döngü	noun	dön	nounifier_gi
dönme	noun	dön	infinitive_me
dönmek	noun	dön	infinitive_mek
dönmektir	noun	dön	infinitive_mek nounaorist_dir
dönmez	noun	dön	negative_me factative_ir
dönüm	noun	dön	nounifier_im
dönümlük	noun	dön	nounifier_im suitative_lik
dönünce	noun	dön	adverbial_ince
dönüp	noun	dön	adverbial_ip
dönüş	verb	dön	reflexive_is
dönüştü	noun	dön	reflexive_is pasttense_di
dönüştür	noun	dön	nounifier_iş nounaorist_dir
dönüşüm	noun	dön	reflexive_is nounifier_im
dönüşümlü	noun	dön	reflexive_is nounifier_im compositive_li
dönüşünce	noun	dön	reflexive_is adverbial_ince
dönüşüp	noun	dön	reflexive_is adverbial_ip
dörde	noun	dört	dative_e
dördü	noun	dört	possessive_3sg
dördüncü	noun	dört	ordinal_inci
dörte	noun	dört	dative_e
dörtle	verb	dört	applicative_le
dörtlü	noun	dört	compositive_li
dörtlük	noun	dört	suitative_lik
dörtlükler	noun	dört	suitative_lik applicative_le factative_ir
dörtlükleriyle	noun	dört	suitative_lik possessive_3pl confactuous_le
dörtlüktü	noun	dört	suitative_lik pasttense_noundi
dörtlüğü	noun	dört	suitative_lik possessive_3sg
dövme	noun	döv	infinitive_me
dövmek	noun	döv	infinitive_mek
dövün	verb	döv	reflexive_in
dövüş	verb	döv	reflexive_is
dövüşmeli	noun	döv	reflexive_is infinitive_me compositive_li
döşeme	noun	döşe	infinitive_me
döşemek	noun	döşe	infinitive_mek
döşeniş	noun	döşe	reflexive_in nounifier_iş
düdüklü	noun	düdük	compositive_li
düellocu	noun	düello	actor_ci
dükkancı	noun	dükkan	actor_ci
dükü	noun	dük	possessive_3sg
dümenci	noun	dümen	actor_ci
dünyaca	noun	dünya	relative_ce
dünyacı	noun	dünya	actor_ci
dünyada	noun	dünya	locative_de
dürmek	noun	dür	infinitive_mek
dürtmek	noun	dürt	infinitive_mek
dürtüş	noun	dür	active_it nounifier_iş
dürtüş	verb	dürt	reflexive_is
dürtüşmek	noun	dürt	reflexive_is infinitive_mek
dürülme	noun	dür	passive_il infinitive_me
dürümlü	noun	dürüm	compositive_li
dürüstlüke	noun	dürüst	suitative_lik dative_e
düzelmek	noun	düzel	infinitive_mek
düzelt	verb	düzel	active_it
düzemek	noun	düze	infinitive_mek
düzenci	noun	düzen	actor_ci
düzende	noun	düzen	locative_de
düzene	noun	düzen	dative_e
düzenle	verb	düzen	applicative_le
düzenleme	noun	düzen	applicative_le infinitive_me
düzenlemek	noun	düzen	applicative_le infinitive_mek
düzenli	noun	düzen	compositive_li
düzeyinde	noun	düzey	possessive_3sg locative_de
düzeyli	noun	düzey	compositive_li
düzgü	noun	düz	nounifier_gi
düzlük	noun	düz	suitative_lik
düzmeci	noun	düz	infinitive_me actor_ci
düzmek	noun	düz	infinitive_mek
düğmeci	noun	düğme	actor_ci
düğmek	noun	düğ	infinitive_mek
düğmele	verb	düğme	applicative_le
düğümle	verb	düğüm	applicative_le
düğüncü	noun	düğün	actor_ci
düşle	verb	düş	applicative_le
düşmana	noun	düşman	dative_e
düşmanca	noun	düşman	relative_ce
düşme	noun	düş	infinitive_me
düşmek	noun	düş	infinitive_mek
düştü	noun	düş	pasttense_di
düşüm	noun	düş	nounifier_im
düşün	verb	düş	reflexive_in
düşündük	noun	düş	reflexive_in adjectifier_dik
düşündürtmek	noun	düş	reflexive_in active_dir active_it infinitive_mek
düşünme	noun	düş	reflexive_in infinitive_me
düşünmek	noun	düş	reflexive_in infinitive_mek
düşünü	noun	düş	possessive_3sg accusative_i
düşünüp	noun	düş	reflexive_in adverbial_ip
düşünür	noun	düş	reflexive_in factative_ir
düşünürken	noun	düş	reflexive_in factative_ir when_ken
düşünüş	noun	düş	reflexive_in nounifier_iş
düşüp	noun	düş	adverbial_ip
düşür	verb	düş	active_ir
düşürmek	noun	düş	active_ir infinitive_mek
düşürtmek	noun	düş	active_ir active_it infinitive_mek
düşürüş	noun	düş	active_ir nounifier_iş
düşüş	noun	düş	nounifier_iş
düşüşte	noun	düş	nounifier_iş locative_de
dışarıda	noun	dışarı	locative_de
dışarıdaki	noun	dışarı	locative_de marking_ki
dışarıdan	noun	dışarı	ablative_den
dışarının	noun	dışarı	possessive_2sg noun_compound
dışla	verb	dış	applicative_le
dışlayıp	noun	dış	applicative_le adverbial_ip
dıştan	noun	dış	ablative_den
dışı	noun	dış	possessive_3sg
dışında	noun	dış	possessive_3sg locative_de
ebedi	noun	ebet	possessive_3sg
ebele	verb	ebe	applicative_le
ebeleyiş	noun	ebe	applicative_le nounifier_iş
ebrucu	noun	ebru	actor_ci
ecrin	noun	ecir	possessive_2sg
eczacılık	noun	eczacı	suitative_lik
edebe	noun	edep	dative_e
edebi	noun	edep	possessive_3sg
edebiyatçı	noun	edebiyat	actor_ci
edebiyatçılık	noun	edebiyat	actor_ci suitative_lik
edepsiz	noun	edep	privative_siz
eder	noun	et	factative_ir
edge	noun	edik	dative_e
edibe	noun	edip	dative_e
edin	verb	et	reflexive_in
edinim	noun	et	reflexive_in nounifier_im
edinme	noun	et	reflexive_in infinitive_me
edinmek	noun	et	reflexive_in infinitive_mek
efendilik	noun	efendi	suitative_lik
efendim	noun	efendi	possessive_1sg
efendisiz	noun	efendi	privative_siz
efsanesi	noun	efsane	possessive_3sg
egemenlik	noun	egemen	suitative_lik
egm	noun	ege	possessive_1sg
egzozcu	noun	egzoz	actor_ci
ekibleri	noun	ekip	possessive_3pl
ekinci	noun	ek	ordinal_inci
ekle	noun	ek	confactuous_le
ekle	verb	ek	applicative_le
eklem	noun	ek	applicative_le nounifier_im
eklemle	verb	ek	applicative_le nounifier_im applicative_le
ekler	noun	ek	plural_ler
ekleyip	noun	ek	applicative_le adverbial_ip
ekonomide	noun	ekonomi	locative_de
ekseriyetle	noun	ekseriyet	confactuous_le
eksikli	noun	eksik	compositive_li
eksiklik	noun	eksik	suitative_lik
eksiksiz	noun	eksik	privative_siz
eksilmek	noun	eksil	infinitive_mek
ekşimek	noun	ekşi	infinitive_mek
ekşit	verb	ekşi	active_it
ekşitmek	noun	ekşi	active_it infinitive_mek
elbiseli	noun	elbise	compositive_li
elde	noun	el	locative_de
elden	noun	el	ablative_den
eldi	noun	el	pasttense_noundi
elektrikle	noun	elektrik	confactuous_le
elektrikle	verb	elektrik	applicative_le
elektrikli	noun	elektrik	compositive_li
elektriksel	noun	elektrik	relative_sel
eleme	noun	ele	infinitive_me
eleştir	verb	ele	reflexive_is active_dir
elim	noun	el	possessive_1sg
elimi	noun	el	possessive_1sg accusative_i
elimiz	noun	el	possessive_1pl
eliyle	noun	el	possessive_3sg confactuous_le
elle	verb	el	applicative_le
ellerim	noun	el	plural_ler possessive_1sg
ellerinin	noun	el	plural_ler possessive_3sg noun_compound
elmalılı	noun	elmalı	compositive_li
elveren	noun	elver	factative_en
elverişli	noun	elver	nounifier_iş compositive_li
elverişsiz	noun	elver	nounifier_iş privative_siz
elvermek	noun	elver	infinitive_mek
emanetçi	noun	emanet	actor_ci
emekle	verb	emek	applicative_le
emekli	noun	emek	compositive_li
emeklilik	noun	emek	compositive_li suitative_lik
emeksiz	noun	emek	privative_siz
eminim	noun	emin	conjugation_1sg
emire	noun	emir	dative_e
emirlik	noun	emir	suitative_lik
emlakçı	noun	emlak	actor_ci
emme	noun	em	infinitive_me
emmek	noun	em	toolative_ek
emniyetli	noun	emniyet	compositive_li
emre	noun	emir	dative_e
emretmek	noun	emret	infinitive_mek
emsalsiz	noun	emsal	privative_siz
emzirip	noun	emzir	adverbial_ip
emzirmek	noun	emzir	infinitive_mek
emzirt	verb	emzir	active_it
emzirtmek	noun	emzir	active_it infinitive_mek
endeksi	noun	endeks	possessive_3sg
endeksle	verb	endeks	applicative_le
endeksli	noun	endeks	compositive_li
endişelen	verb	endişe	applicative_le reflexive_in
endişeli	noun	endişe	compositive_li
enerjinizle	noun	enerji	possessive_2pl confactuous_le
engeldir	noun	engel	nounaorist_dir
engeler	noun	enik	dative_e conjugation_3pl
engelle	verb	engel	applicative_le
engellemek	noun	engel	applicative_le infinitive_mek
engellemekti	noun	engel	applicative_le infinitive_mek pasttense_noundi
engellemektir	noun	engel	applicative_le infinitive_mek nounaorist_dir
engelleyiş	noun	engel	applicative_le nounifier_iş
engelli	noun	engel	compositive_li
engine	noun	engin	dative_e
enjeksiyonlu	noun	enjeksiyon	compositive_li
ensele	verb	ense	applicative_le
entrikacı	noun	entrika	actor_ci
erban	noun	erbaa	possessive_2sg
erdin	noun	er	pasttense_di conjugation_2sg
ergenlik	noun	ergen	suitative_lik
erginlik	noun	ergin	suitative_lik
erikli	noun	erik	compositive_li
erimek	noun	eri	infinitive_mek
erin	noun	er	noun_compound
eritmek	noun	er	active_it infinitive_mek
eriyen	noun	eri	factative_en
eriyip	noun	eri	adverbial_ip
erişil	verb	eriş	passive_il
erişim	noun	eriş	nounifier_im
erkekli	noun	erkek	compositive_li
erkeklik	noun	erkek	suitative_lik
erkekte	noun	erkek	locative_de
erkenci	noun	erken	actor_ci
ermek	noun	er	infinitive_mek
eroinci	noun	eroin	actor_ci
erozyona	noun	erozyon	dative_e
erzincanlı	noun	erzincan	compositive_li
erzurumlu	noun	erzurum	compositive_li
esasları	noun	esas	plural_ler accusative_i
esaslı	noun	esas	compositive_li
esefle	noun	esef	confactuous_le
esinle	verb	esin	applicative_le
esintili	noun	esinti	compositive_li
esirci	noun	esir	actor_ci
esirgemek	noun	esirge	infinitive_mek
esirgen	verb	esirge	reflexive_in
esirgenmek	noun	esirge	reflexive_in infinitive_mek
eskici	noun	eski	actor_ci
eskiden	noun	eski	ablative_den
eskimek	noun	eski	infinitive_mek
eskisi	noun	eski	possessive_3sg
eskit	verb	eski	active_it
eskitmek	noun	eski	active_it infinitive_mek
eskiyen	noun	eski	factative_en
eskrimci	noun	eskrim	actor_ci
esme	noun	es	infinitive_me
esnasında	noun	esna	possessive_3sg locative_de
esnemek	noun	esne	infinitive_mek
esnetme	noun	esne	active_it infinitive_me
esrarcı	noun	esrar	actor_ci
esrarlı	noun	esrar	compositive_li
esrit	verb	esri	active_it
esritmek	noun	esir	active_it infinitive_mek
esti	noun	es	pasttense_di
estiril	verb	es	active_dir passive_il
etiketle	verb	etiket	applicative_le
etiketli	noun	etiket	compositive_li
etiyopyalı	noun	etiyopya	compositive_li
etken	noun	et	constofactative_gen
etki	noun	et	nounifier_gi
etkile	verb	et	nounifier_gi applicative_le
etkili	noun	et	nounifier_gi compositive_li
etkinlik	noun	etkin	suitative_lik
etkinlikleri	noun	etkin	suitative_lik possessive_3pl
etkisiz	noun	et	nounifier_gi privative_siz
etme	noun	et	infinitive_me
etmek	noun	et	infinitive_mek
etmektir	noun	et	infinitive_mek nounaorist_dir
etmeli	noun	et	infinitive_me compositive_li
etrafa	noun	etraf	dative_e
etraflı	noun	etraf	compositive_li
etrafında	noun	etraf	possessive_3sg locative_de
ettikçe	noun	et	adverbial_dikçe
ettiler	noun	et	pasttense_di conjugation_3pl
evdi	noun	ev	pasttense_noundi
eve	noun	ev	dative_e
evimiz	noun	ev	possessive_1pl
evin	noun	ev	noun_compound
evinizde	noun	ev	possessive_2pl locative_de
evirip	noun	evir	adverbial_ip
evirmek	noun	evir	infinitive_mek
evirt	verb	evir	active_it
evirtmek	noun	evir	active_it infinitive_mek
evlatlık	noun	evlat	suitative_lik
evlen	verb	ev	applicative_le reflexive_in
evlendiril	verb	ev	applicative_le reflexive_in active_dir passive_il
evlendirilmek	noun	ev	applicative_le reflexive_in active_dir passive_il infinitive_mek
evlenmek	noun	ev	applicative_le reflexive_in infinitive_mek
evler	noun	ev	plural_ler
evli	noun	ev	compositive_li
evlilik	noun	ev	compositive_li suitative_lik
evliyalık	noun	evliya	suitative_lik
evrensel	noun	evren	relative_sel
evril	verb	evir	passive_il
evrilmek	noun	evir	passive_il infinitive_mek
evrimci	noun	evrim	actor_ci
eylemci	noun	eylem	actor_ci
eyleminizin	noun	eylem	possessive_2pl noun_compound
eylülde	noun	eylül	locative_de
ezancı	noun	ezan	actor_ci
ezberci	noun	ezber	actor_ci
ezberden	noun	ezber	ablative_den
ezbere	noun	ezber	dative_e
ezberle	verb	ezber	applicative_le
ezberleyiş	noun	ezber	applicative_le nounifier_iş
ezilmiş	noun	ez	passive_il pastfactative_miş
ezin	noun	ez	conjugation_2pl
ezip	noun	ez	adverbial_ip
ezmek	noun	ez	infinitive_mek
eğilim	noun	eğ	passive_il nounifier_im
eğilimli	noun	eğ	passive_il nounifier_im compositive_li
eğip	noun	eğ	adverbial_ip
eğiten	noun	eğit	factative_en
eğitim	noun	eğit	nounifier_im
eğitimci	noun	eğit	nounifier_im actor_ci
eğitimli	noun	eğit	nounifier_im compositive_li
eğitimsiz	noun	eğit	nounifier_im privative_siz
eğitimsizdi	noun	eğit	nounifier_im privative_siz pasttense_noundi
eğitmek	noun	eğit	infinitive_mek
eğlen	verb	eğle	reflexive_in
eğlendirici	noun	eğlendiri	actor_ci
eğlendiriş	noun	eğle	reflexive_in active_dir nounifier_iş
eğlenil	verb	eğle	reflexive_in passive_il
eğlenilmek	noun	eğle	reflexive_in passive_il infinitive_mek
eşim	noun	eş	possessive_1sg
eşitle	verb	eşit	applicative_le
eşitlik	noun	eşit	suitative_lik
eşitlikçi	noun	eşit	suitative_lik actor_ci
eşitsizlik	noun	eşit	privative_siz suitative_lik
eşittir	noun	eşit	nounaorist_dir
eşle	verb	eş	applicative_le
eşlik	noun	eş	suitative_lik
fabrikacı	noun	fabrika	actor_ci
fabrikasından	noun	fabrika	possessive_3sg ablative_den
fahişeliğe	noun	fahişe	suitative_lik dative_e
faizci	noun	faiz	actor_ci
fakirlikle	noun	fakir	suitative_lik confactuous_le
fakirliğinize	noun	fakir	suitative_lik possessive_2pl dative_e
faksla	verb	faks	applicative_le
falanda	noun	falan	locative_de
falcı	noun	fal	actor_ci
farketmiş	noun	farket	pastfactative_miş
farkettim	noun	farket	nounifier_im
farklı	noun	fark	compositive_li
farksızdır	noun	fark	privative_siz nounaorist_dir
farkında	noun	fark	possessive_3sg locative_de
faslı	noun	fas	compositive_li
faturala	verb	fatura	applicative_le
faulsüz	noun	faul	privative_siz
faydacı	noun	fayda	actor_ci
faydalanıp	noun	fayda	applicative_le reflexive_in adverbial_ip
faydalı	noun	fayda	compositive_li
faydasız	noun	fayda	privative_siz
fazlaca	noun	fazla	relative_ce
fedakarlık	noun	fedakar	suitative_lik
fehmi	noun	fehim	possessive_3sg
felsefeci	noun	felsefe	actor_ci
fenalık	noun	fena	suitative_lik
fenci	noun	fen	actor_ci
fenerci	noun	fener	actor_ci
fenerli	noun	fener	compositive_li
fenni	noun	fen	possessive_3sg
feraha	noun	ferah	dative_e
ferahla	verb	ferah	applicative_le
feshedil	verb	feshet	passive_il
feshedilmek	noun	feshet	passive_il infinitive_mek
feshetmek	noun	feshet	infinitive_mek
fethetmek	noun	fethet	infinitive_mek
fetvacı	noun	fetva	actor_ci
figrler	noun	figür	applicative_le factative_ir
fikre	noun	fikir	dative_e
fikri	noun	fikir	possessive_3sg
filim	noun	fil	possessive_1sg
filistinli	noun	filistin	compositive_li
filistinliler	noun	filistin	compositive_li applicative_le factative_ir
filistinlilere	noun	filistin	compositive_li applicative_le active_er adverbial_e
filistinlilerin	noun	filistin	compositive_li plural_ler possessive_2sg
filistinlilerle	noun	filistin	compositive_li applicative_le factative_ir confactuous_le
filizle	verb	filiz	applicative_le
filmci	noun	film	actor_ci
filtrele	verb	filtre	applicative_le
finli	noun	fin	compositive_li
firesiz	noun	fire	privative_siz
fitilci	noun	fitil	actor_ci
fitille	verb	fitil	applicative_le
fiyatla	verb	fiyat	applicative_le
fizike	noun	fizik	dative_e
fiziksel	noun	fizik	relative_sel
fizikçi	noun	fizik	actor_ci
fişeklikli	noun	fişek	suitative_lik compositive_li
fişle	verb	fiş	applicative_le
folklorcu	noun	folklor	actor_ci
fonda	noun	fon	locative_de
fonladıklarını	noun	fon	applicative_le adjectifier_dik possessive_3pl accusative_i
fonlam	noun	fon	applicative_le nounifier_im
fonlayarak	noun	fon	applicative_le adverbial_erek
fonunun	noun	fon	possessive_3sg noun_compound
formalı	noun	forma	compositive_li
formüle	noun	formül	dative_e
fotokopici	noun	fotokopi	actor_ci
foton	noun	foto	possessive_2sg
fotoğrafla	verb	fotoğraf	applicative_le
fotoğrafçı	noun	fotoğraf	actor_ci
fransanın	noun	fransa	noun_compound
frekanslı	noun	frekans	compositive_li
frenci	noun	fren	actor_ci
frenle	verb	fren	applicative_le
frensiz	noun	fren	privative_siz
fuarcı	noun	fuar	actor_ci
fuhşu	noun	fuhuş	accusative_i
furyasını	noun	furya	possessive_3sg accusative_i
futbolcu	noun	futbol	actor_ci
futbolculuk	noun	futbol	actor_ci suitative_lik
futbolcuyu	noun	futbol	actor_ci accusative_i
füzlerininin	noun	füze	possessive_3pl noun_compound conjugation_2sg
fırla	verb	fır	applicative_le
fırlama	noun	fır	applicative_le infinitive_me
fırlatış	noun	fır	applicative_le active_it nounifier_iş
fırlayış	noun	fır	applicative_le nounifier_iş
fırsatçı	noun	fırsat	actor_ci
fırsatçılık	noun	fırsat	actor_ci suitative_lik
fırtınalı	noun	fırtına	compositive_li
fırçacı	noun	fırça	actor_ci
fırçala	verb	fırça	applicative_le
fırçalayış	noun	fırça	applicative_le nounifier_iş
fırıncı	noun	fırın	actor_ci
fırınla	verb	fırın	applicative_le
fıstıklı	noun	fıstık	compositive_li
fısıldan	verb	fısılda	reflexive_in
fısıldanmak	noun	fısılda	reflexive_in infinitive_mek
fısıldaş	verb	fısılda	reflexive_is
fısıldaşmak	noun	fısılda	reflexive_is infinitive_mek
fıçıcı	noun	fıçı	actor_ci
fışkırmak	noun	fışkır	infinitive_mek
fışkırt	verb	fışkır	active_it
fışkırtmak	noun	fışkır	active_it infinitive_mek
gaflettir	noun	gaflet	nounaorist_dir
gagala	verb	gaga	applicative_le
galerici	noun	galeri	actor_ci
galler	noun	gale	applicative_le factative_ir
galya	noun	gala	dative_e
gamma	noun	gam	dative_e
gamsız	noun	gam	privative_siz
garajcı	noun	garaj	actor_ci
garantile	verb	garanti	applicative_le
gardırobu	noun	gardırop	accusative_i
gaspçı	noun	gasp	actor_ci
gayretli	noun	gayret	compositive_li
gazeteci	noun	gazete	actor_ci
gazetecilerleri	noun	gazete	actor_ci applicative_le factative_ir possessive_3pl
gazetecilik	noun	gazete	actor_ci suitative_lik
gaziantepli	noun	gaziantep	compositive_li
gazinocu	noun	gazino	actor_ci
gazla	verb	gaz	applicative_le
gebelik	noun	gebe	suitative_lik
gebermek	noun	geber	infinitive_mek
gebert	verb	geber	active_it
gebertmek	noun	geber	active_it infinitive_mek
gececi	noun	gece	actor_ci
gecekonducu	noun	gecekondu	actor_ci
gecekondulaşma	noun	gecekondu	applicative_le reflexive_is infinitive_me
geceleri	noun	gece	plural_ler possessive_3sg
gecelik	noun	gece	suitative_lik
geceyle	noun	gece	confactuous_le
gecikmek	noun	gecik	infinitive_mek
geciktiril	verb	gecik	active_dir passive_il
geciktirilmek	noun	gecik	active_dir passive_il infinitive_mek
geciştir	verb	geç	reflexive_is active_dir
gelecek	noun	gel	nounifier_ecek
gelecekten	noun	gel	nounifier_ecek ablative_den
gelecekçi	noun	gel	nounifier_ecek actor_ci
gelen	noun	gel	factative_en
geleneksel	noun	gelenek	relative_sel
gelenekçi	noun	gelenek	actor_ci
geleni	noun	gel	factative_en accusative_i
gelim	noun	gel	nounifier_im
gelince	noun	gel	adverbial_ince
gelinlik	noun	gelin	suitative_lik
gelinlikçi	noun	gelin	suitative_lik actor_ci
gelip	noun	gel	adverbial_ip
gelir	noun	gel	factative_ir
gelirli	noun	gel	factative_ir compositive_li
geliş	verb	gel	reflexive_is
gelişim	noun	gel	reflexive_is nounifier_im
gelişme	noun	gel	reflexive_is infinitive_me
gelişmeden	noun	gel	reflexive_is infinitive_me ablative_den
gelişmeydi	noun	gel	reflexive_is infinitive_me pasttense_noundi
gelişmiş	noun	gel	reflexive_is pastfactative_miş
gelişmişlik	noun	gel	reflexive_is pastfactative_miş suitative_lik
gelişte	noun	gel	nounifier_iş locative_de
geliştikçe	noun	gel	reflexive_is adverbial_dikçe
geliştirilmek	noun	gel	reflexive_is active_dir passive_il infinitive_mek
gelme	noun	gel	infinitive_me
gelmek	noun	gel	infinitive_mek
gemici	noun	gemi	actor_ci
gemicilik	noun	gemi	actor_ci suitative_lik
gemle	verb	gem	applicative_le
gendim	noun	gen	pasttense_noundi conjugation_1sg
genelci	noun	genel	actor_ci
genelde	noun	genel	locative_de
genelle	verb	genel	applicative_le
genellikle	noun	genel	suitative_lik confactuous_le
genin	noun	gen	noun_compound
genişle	verb	geniş	applicative_le
genişleme	noun	geniş	applicative_le infinitive_me
genişletil	verb	geniş	applicative_le active_it passive_il
genişletilmek	noun	geniş	applicative_le active_it passive_il infinitive_mek
genişlik	noun	geniş	suitative_lik
genişçe	noun	geniş	relative_ce
gençler	noun	genç	plural_ler
gençlik	noun	genç	suitative_lik
gençliğe	noun	genç	suitative_lik dative_e
gençliğimin	noun	genç	suitative_lik possessive_1sg noun_compound
gençten	noun	genç	ablative_den
gerdanlıdan	noun	gerdan	compositive_li ablative_den
gerdanlık	noun	gerdan	suitative_lik
gerdiril	verb	ger	active_dir passive_il
gerdirilmek	noun	ger	active_dir passive_il infinitive_mek
gere	noun	ger	adverbial_e
gerekir	noun	gerek	factative_ir
gerekli	noun	gerek	compositive_li
gereksemek	noun	gerekse	infinitive_mek
gereksinme	noun	gereksin	infinitive_me
gereksinmek	noun	gereksin	infinitive_mek
gereksiz	noun	gerek	privative_siz
gerekçe	noun	gerek	relative_ce
gerekçeleri	noun	gerek	relative_ce possessive_3pl
gereği	noun	gerek	possessive_3sg
gereğince	noun	gerek	adverbial_ince
gergi	noun	ger	nounifier_gi
gerginlik	noun	gergin	suitative_lik
gerici	noun	geri	actor_ci
gerile	verb	geri	applicative_le
gerileme	noun	geri	applicative_le infinitive_me
gerileyiş	noun	geri	applicative_le nounifier_iş
gerilimdir	noun	ger	passive_il nounifier_im nounaorist_dir
gerilimli	noun	gerilim	compositive_li
geriliş	noun	ger	passive_il nounifier_iş
gerin	verb	ger	reflexive_in
gerip	noun	ger	adverbial_ip
gerisin	noun	geri	conjugation_2sg
geriye	noun	geri	dative_e
germek	noun	ger	infinitive_mek
gerçekle	noun	gerçek	confactuous_le
gerçeklik	noun	gerçek	suitative_lik
gerçeklikle	noun	gerçek	suitative_lik confactuous_le
gerçekliğe	noun	gerçek	suitative_lik dative_e
gerçekten	noun	gerçek	ablative_den
gerçektir	noun	gerçek	nounaorist_dir
gerçekçi	noun	gerçek	actor_ci
gerçeküstücü	noun	gerçeküstü	actor_ci
gerçeğin	noun	gerçek	noun_compound
getirdiğine	noun	getir	adjectifier_dik possessive_3sg dative_e
getirilir	noun	getir	passive_il factative_ir
getirip	noun	getir	adverbial_ip
getirme	noun	getir	infinitive_me
getirmek	noun	getir	infinitive_mek
getirmektir	noun	getir	infinitive_mek nounaorist_dir
gevşeme	noun	gevşe	infinitive_me
gevşemek	noun	gevşe	infinitive_mek
gevşet	verb	gevşe	active_it
gevşetmek	noun	gevşe	active_it infinitive_mek
gezdiril	verb	gez	active_dir passive_il
gezdirilmek	noun	gez	active_dir passive_il infinitive_mek
gezdiriş	noun	gez	active_dir nounifier_iş
gezen	noun	gez	factative_en
gezer	noun	gez	factative_ir
gezginlik	noun	gezgin	suitative_lik
gezici	noun	gezi	actor_ci
geziliş	noun	gez	passive_il nounifier_iş
gezim	noun	gez	nounifier_im
gezin	verb	gez	reflexive_in
geziniş	noun	gez	reflexive_in nounifier_iş
gezip	noun	gez	adverbial_ip
gezme	noun	gez	infinitive_me
gezmek	noun	gez	infinitive_mek
gezmiş	noun	gez	pastfactative_miş
geçen	noun	geç	factative_en
geçenlerde	noun	geç	factative_en plural_ler locative_de
geçer	noun	geç	factative_ir
geçerken	noun	geç	factative_ir when_ken
geçerli	noun	geç	factative_ir compositive_li
geçiliş	noun	geç	passive_il nounifier_iş
geçim	noun	geç	nounifier_im
geçin	verb	geç	reflexive_in
geçinil	verb	geç	reflexive_in passive_il
geçinilmek	noun	geç	reflexive_in passive_il infinitive_mek
geçip	noun	geç	adverbial_ip
geçir	verb	geç	active_ir
geçirip	noun	geç	active_ir adverbial_ip
geçirme	noun	geç	active_ir infinitive_me
geçirmek	noun	geç	active_ir infinitive_mek
geçirt	verb	geç	active_ir active_it
geçirtmek	noun	geç	active_ir active_it infinitive_mek
geçiş	noun	geç	nounifier_iş
geçiş	verb	geç	reflexive_is
geçiştiril	verb	geç	reflexive_is active_dir passive_il
geçiştirilmek	noun	geç	reflexive_is active_dir passive_il infinitive_mek
geçme	noun	geç	infinitive_me
geçmek	noun	geç	infinitive_mek
geçmez	noun	geç	negative_me factative_ir
geçmiş	noun	geç	pastfactative_miş
geçmişiniyse	noun	geç	pastfactative_miş possessive_3sg accusative_i if_se
geçmişte	noun	geç	pastfactative_miş locative_de
geçtikçe	noun	geç	adverbial_dikçe
geçtimi	noun	geçit	possessive_1sg accusative_i
gide	noun	git	adverbial_e
giden	noun	git	factative_en
gider	noun	git	factative_ir
gider	verb	git	active_er
giderek	noun	git	adverbial_erek
gidermek	noun	git	active_er infinitive_mek
gidert	verb	git	active_er active_it
gidertmek	noun	git	active_er active_it infinitive_mek
gidici	noun	gidi	actor_ci
gidil	verb	git	passive_il
gidilmek	noun	git	passive_il infinitive_mek
gidip	noun	git	adverbial_ip
gidiş	noun	git	nounifier_iş
girerken	noun	gir	factative_ir when_ken
girilir	noun	gir	passive_il factative_ir
giriliş	noun	gir	passive_il nounifier_iş
girince	noun	gir	adverbial_ince
girip	noun	gir	adverbial_ip
giritli	noun	girit	compositive_li
giriş	verb	gir	reflexive_is
girişil	verb	gir	reflexive_is passive_il
girişilmek	noun	gir	reflexive_is passive_il infinitive_mek
girişim	noun	gir	reflexive_is nounifier_im
girişiydi	noun	gir	nounifier_iş possessive_3sg pasttense_noundi
girmek	noun	gir	infinitive_mek
girmekti	noun	gir	infinitive_mek pasttense_noundi
girmektir	noun	gir	infinitive_mek nounaorist_dir
gitarcı	noun	gitar	actor_ci
gitme	noun	git	infinitive_me
gitmek	noun	git	infinitive_mek
gitmektir	noun	git	infinitive_mek nounaorist_dir
gitti	noun	git	pasttense_di
gittikçe	noun	git	adverbial_dikçe
giydim	noun	giy	pasttense_di conjugation_1sg
giydiril	verb	giy	active_dir passive_il
giydirilmek	noun	giy	active_dir passive_il infinitive_mek
giydirirerek	noun	giy	active_dir active_ir adverbial_erek
giydiriş	noun	giy	active_dir nounifier_iş
giyecek	noun	giy	nounifier_ecek
giyiliş	noun	giy	passive_il nounifier_iş
giyim	noun	giy	nounifier_im
giyimci	noun	giy	nounifier_im actor_ci
giyin	noun	giy	conjugation_2pl
giyin	verb	giy	reflexive_in
giyiniş	noun	giy	reflexive_in nounifier_iş
giyip	noun	giy	adverbial_ip
giyme	noun	giy	infinitive_me
giymek	noun	giy	infinitive_mek
gizemci	noun	gizem	actor_ci
gizemli	noun	gizem	compositive_li
gizle	verb	giz	applicative_le
gizlemek	noun	giz	applicative_le infinitive_mek
gizlenil	verb	giz	applicative_le reflexive_in passive_il
gizlenilmek	noun	giz	applicative_le reflexive_in passive_il infinitive_mek
gizlenme	verb	giz	applicative_le reflexive_in negative_me
gizleyiş	noun	giz	applicative_le nounifier_iş
gizli	noun	giz	compositive_li
gizlice	noun	giz	compositive_li relative_ce
gizliliği	noun	giz	compositive_li suitative_lik possessive_3sg
golcü	noun	gol	actor_ci
golllerde	noun	gol	applicative_le factative_ir locative_de
gramerci	noun	gramer	actor_ci
gravürcü	noun	gravür	actor_ci
grenada	noun	grena	locative_de
grevci	noun	grev	actor_ci
gribi	noun	grip	possessive_3sg
grubları	noun	grup	possessive_3pl
grupla	verb	grup	applicative_le
gurbetçi	noun	gurbet	actor_ci
gururlu	noun	gurur	compositive_li
gökçeyle	noun	gök	relative_ce confactuous_le
gölgele	verb	gölge	applicative_le
gölgeli	noun	gölge	compositive_li
gömülüş	noun	göm	passive_il nounifier_iş
gömüş	noun	göm	nounifier_iş
gönderici	noun	gönderi	actor_ci
gönderilir	noun	gönder	passive_il factative_ir
gönderiliş	noun	gönder	passive_il nounifier_iş
gönderim	noun	gönder	nounifier_im
gönderip	noun	gönder	adverbial_ip
göndermek	noun	gönder	infinitive_mek
göndert	verb	gönder	active_it
göndertmek	noun	gönder	active_it infinitive_mek
gönendiril	verb	gönen	active_dir passive_il
gönendirilmek	noun	gönen	active_dir passive_il infinitive_mek
gönenmek	noun	gönen	infinitive_mek
gönülllüler	noun	gönül	compositive_li applicative_le factative_ir
gönüllü	noun	gönül	compositive_li
gördük	noun	gör	adjectifier_dik
gördükçe	noun	gör	adverbial_dikçe
gördürt	verb	gör	active_dir active_it
gördürtmek	noun	gör	active_dir active_it infinitive_mek
göreci	noun	göre	actor_ci
göreli	noun	gör	since_eli
görelik	noun	göre	suitative_lik
gören	noun	gör	factative_en
görevlendiril	verb	görev	applicative_le reflexive_in active_dir passive_il
görevlendirilmek	noun	görev	applicative_le reflexive_in active_dir passive_il infinitive_mek
görevli	noun	görev	compositive_li
görevliye	noun	görev	compositive_li dative_e
görevliyi	noun	görev	compositive_li accusative_i
görgü	noun	gör	nounifier_gi
görkemli	noun	görkem	compositive_li
görme	noun	gör	infinitive_me
görmek	noun	gör	infinitive_mek
görmemiş	noun	gör	negative_me pastfactative_miş
görmez	noun	gör	negative_me factative_ir
görmeğ	noun	gör	infinitive_mek
görmüş	noun	gör	pastfactative_miş
görmüşlük	noun	gör	pastfactative_miş suitative_lik
görsellik	noun	görsel	suitative_lik
görücü	noun	görü	actor_ci
görülme	verb	gör	passive_il negative_me
görüm	noun	gör	nounifier_im
görün	verb	gör	reflexive_in
görünce	noun	gör	adverbial_ince
görünen	noun	gör	reflexive_in factative_en
görüngü	noun	gör	reflexive_in nounifier_gi
görünmek	noun	gör	reflexive_in infinitive_mek
görünse	noun	gör	reflexive_in wish_suffix
görüntüle	verb	görüntü	applicative_le
görüntülü	noun	görüntü	compositive_li
görünüm	noun	gör	reflexive_in nounifier_im
görünümlü	noun	gör	reflexive_in nounifier_im compositive_li
görünür	noun	gör	reflexive_in factative_ir
görünür	verb	gör	reflexive_in active_ir
görünürde	noun	gör	reflexive_in factative_ir locative_de
görünüş	noun	gör	reflexive_in nounifier_iş
görünüşte	noun	gör	reflexive_in nounifier_iş locative_de
görüp	noun	gör	adverbial_ip
görütüyorsun	noun	gör	active_it continuous_iyor conjugation_2sg
görüş	verb	gör	reflexive_is
görüşlü	noun	gör	nounifier_iş compositive_li
görüşme	noun	gör	reflexive_is infinitive_me
görüşmeci	noun	gör	reflexive_is infinitive_me actor_ci
görüşmecilik	noun	gör	reflexive_is infinitive_me actor_ci suitative_lik
görüşmek	noun	gör	reflexive_is infinitive_mek
göstere	noun	göster	adverbial_e
göstereni	noun	göster	factative_en accusative_i
göstergeli	noun	gösterge	compositive_li
gösterilen	noun	göster	passive_il factative_en
gösteriliş	noun	göster	passive_il nounifier_iş
gösterim	noun	göster	nounifier_im
gösterip	noun	göster	adverbial_ip
gösteriş	noun	göster	nounifier_iş
gösterişli	noun	göster	nounifier_iş compositive_li
gösterişsiz	noun	göster	nounifier_iş privative_siz
gösterme	noun	göster	infinitive_me
göstermeci	noun	göster	infinitive_me actor_ci
göstermek	noun	göster	infinitive_mek
göstermeli	noun	göster	infinitive_me compositive_li
göstermelik	noun	göster	infinitive_me suitative_lik
göstert	verb	göster	active_it
göstertmek	noun	göster	active_it infinitive_mek
götürmek	noun	götür	infinitive_mek
götürt	verb	götür	active_it
götürtmek	noun	götür	active_it infinitive_mek
götürüp	noun	götür	adverbial_ip
götürüş	noun	götür	nounifier_iş
gövdeli	noun	gövde	compositive_li
gözcü	noun	göz	actor_ci
gözetleme	noun	gözetle	infinitive_me
gözetleyiş	noun	gözetle	nounifier_iş
gözle	verb	göz	applicative_le
gözlem	noun	göz	applicative_le nounifier_im
gözlemci	noun	göz	applicative_le nounifier_im actor_ci
gözleme	noun	göz	applicative_le infinitive_me
gözlemek	noun	göz	applicative_le infinitive_mek
gözlemle	noun	göz	applicative_le nounifier_im confactuous_le
gözlemle	verb	göz	applicative_le nounifier_im applicative_le
gözlemlemek	noun	göz	applicative_le nounifier_im applicative_le infinitive_mek
gözlerim	noun	göz	plural_ler possessive_1sg
gözleyiş	noun	göz	applicative_le nounifier_iş
gözlü	noun	göz	compositive_li
gözlük	noun	göz	suitative_lik
gözlüklü	noun	göz	suitative_lik compositive_li
gözükmek	noun	gözük	infinitive_mek
gözüm	noun	göz	possessive_1sg
gözünüz	noun	göz	possessive_2pl
göçer	noun	göç	factative_ir
göçer	verb	göç	active_er
göçermek	noun	göç	active_er infinitive_mek
göçert	verb	göç	active_er active_it
göçertmek	noun	göç	active_er active_it infinitive_mek
göçmek	noun	göç	infinitive_mek
göçmenler	noun	göçmen	applicative_le factative_ir
göçü	noun	göç	possessive_3sg
göçür	verb	göç	active_ir
göçürmek	noun	göç	active_ir infinitive_mek
göçürt	verb	göç	active_ir active_it
göçürtmek	noun	göç	active_ir active_it infinitive_mek
göçüş	noun	göç	nounifier_iş
göçüşme	noun	göç	reflexive_is infinitive_me
göğüsle	verb	göğüs	applicative_le
göğüslemek	noun	göğüs	applicative_le infinitive_mek
gücenmek	noun	gücen	infinitive_mek
gücüyle	noun	güç	possessive_3sg confactuous_le
güdücü	noun	güdü	actor_ci
güdül	verb	güt	passive_il
güdülmek	noun	güt	passive_il infinitive_mek
güdümlü	noun	güdüm	compositive_li
gülcü	noun	gül	actor_ci
güldüren	noun	gül	active_dir factative_en
güle	noun	gül	adverbial_e
gülen	noun	gül	factative_en
güler	noun	gül	factative_ir
gülle	noun	gül	adverbial_e
güller	noun	gül	factative_ir
güllük	noun	gül	suitative_lik
gülmek	noun	gül	infinitive_mek
gülüm	noun	gül	nounifier_im
gülümseme	noun	gülümse	infinitive_me
gülümsemek	noun	gülümse	infinitive_mek
gülümseten	noun	gülümse	active_it factative_en
gülümseyince	noun	gülümse	adverbial_ince
gülün	verb	gül	passive_il
gülünmek	noun	gül	reflexive_in infinitive_mek
gülüş	noun	gül	nounifier_iş
gülüş	verb	gül	reflexive_is
gülüşlü	noun	gül	nounifier_iş compositive_li
gülüşmek	noun	gül	reflexive_is infinitive_mek
gümrükçü	noun	gümrük	actor_ci
gümrükçülük	noun	gümrük	actor_ci suitative_lik
gümüşle	verb	gümüş	applicative_le
gümüşlük	noun	gümüş	suitative_lik
gümüşlüke	noun	gümüş	suitative_lik dative_e
günahsız	noun	günah	privative_siz
güncelle	verb	güncel	applicative_le
güncelleme	noun	güncel	applicative_le infinitive_me
günde	noun	gün	locative_de
gündelikçi	noun	gündelik	actor_ci
gündeme	noun	gündem	dative_e
gündemmiz	noun	gündem	conjugation_1pl
gündür	noun	gün	nounaorist_dir
gündüzcü	noun	gündüz	actor_ci
gündüzle	noun	gündüz	confactuous_le
gündüzlü	noun	gündüz	compositive_li
gündüzün	noun	gündüz	noun_compound
güneyli	noun	güney	compositive_li
günle	verb	gün	applicative_le
günlük	noun	gün	suitative_lik
günlükçü	noun	gün	suitative_lik actor_ci
günü	noun	gün	possessive_3sg
günün	noun	gün	noun_compound
güreşmek	noun	güreş	infinitive_mek
güreşçi	noun	güreş	actor_ci
gürle	verb	gür	applicative_le
gürleyiş	noun	gür	applicative_le nounifier_iş
gürüz	noun	gür	conjugation_1pl
gütmek	noun	güt	infinitive_mek
güvence	noun	güven	relative_ce
güvende	noun	güven	locative_de
güvenilir	noun	güven	passive_il factative_ir
güvenli	noun	güven	compositive_li
güvenlik	noun	güven	suitative_lik
güvenliktir	noun	güven	suitative_lik nounaorist_dir
güvenlikçi	noun	güven	suitative_lik actor_ci
güvenmek	noun	güven	infinitive_mek
güvensizlik	noun	güven	privative_siz suitative_lik
güvercinlikteki	noun	güvercin	suitative_lik locative_de marking_ki
güzelce	noun	güzel	relative_ce
güzeldir	noun	güzel	nounaorist_dir
güzeli	noun	güzel	possessive_3sg
güzellik	noun	güzel	suitative_lik
güzellikle	noun	güzel	suitative_lik confactuous_le
güçlendirilme	noun	güç	applicative_le reflexive_in active_dir passive_il infinitive_me
güçlü	noun	güç	compositive_li
güçlük	noun	güç	suitative_lik
güçlükle	noun	güç	suitative_lik confactuous_le
güçsüz	noun	güç	privative_siz
güçsüzlük	noun	güç	privative_siz suitative_lik
güçtür	noun	güç	nounaorist_dir
gıcıklayış	noun	gıcık	applicative_le nounifier_iş
gırtlaklayış	noun	gırtlak	applicative_le nounifier_iş
haberci	noun	haber	actor_ci
haberleş	verb	haber	applicative_le reflexive_is
haberleşil	verb	haber	applicative_le reflexive_is passive_il
haberleşilmek	noun	haber	applicative_le reflexive_is passive_il infinitive_mek
haberleşme	noun	haber	applicative_le reflexive_is infinitive_me
habersiz	noun	haber	privative_siz
hadisedir	noun	hadise	nounaorist_dir
hadissiz	noun	hadis	privative_siz
hafifle	verb	hafif	applicative_le
hafifleyiş	noun	hafif	applicative_le nounifier_iş
hafiften	noun	hafif	ablative_den
hafifçe	noun	hafif	relative_ce
haftadır	noun	hafta	nounaorist_dir
haftalık	noun	hafta	suitative_lik
haftalıklı	noun	hafta	suitative_lik compositive_li
haftalıkçı	noun	hafta	suitative_lik actor_ci
hagı	noun	hak	possessive_3sg
hakime	noun	hakim	dative_e
hakkı	noun	hak	possessive_3sg
hakkının	noun	hak	possessive_3sg noun_compound
hakla	verb	hak	applicative_le
haklı	noun	hak	compositive_li
haksız	noun	hak	privative_siz
haksızlık	noun	hak	privative_siz suitative_lik
haksızlığa	noun	hak	privative_siz suitative_lik dative_e
hakı	noun	hak	possessive_3sg
halde	noun	hal	locative_de
hale	noun	hal	dative_e
hali	noun	hal	possessive_3sg
halihazırda	noun	halihazır	locative_de
halile	noun	halil	dative_e
halinde	noun	hal	possessive_3sg locative_de
haline	noun	hal	possessive_3sg dative_e
halkacı	noun	halka	actor_ci
halkalayış	noun	halka	applicative_le nounifier_iş
halkalı	noun	halka	compositive_li
halletmek	noun	hallet	infinitive_mek
hallolmak	noun	hallol	infinitive_mek
hallolun	verb	hallol	reflexive_in
hallolunmak	noun	hallol	reflexive_in infinitive_mek
halsizlik	noun	hal	privative_siz suitative_lik
halterci	noun	halter	actor_ci
hamburgerci	noun	hamburger	actor_ci
hamilelik	noun	hamile	suitative_lik
hamsiye	noun	hamsi	dative_e
hamurcu	noun	hamur	actor_ci
hamursuz	noun	hamur	privative_siz
hamza	noun	hamız	dative_e
hancı	noun	han	actor_ci
hanefilik	noun	hanefi	suitative_lik
hapsedil	verb	hapset	passive_il
hapsedilmek	noun	hapset	passive_il infinitive_mek
hapsetmek	noun	hapset	infinitive_mek
hapsolmak	noun	hapsol	infinitive_mek
hapçı	noun	hap	actor_ci
hapı	noun	hap	possessive_3sg
harappa	noun	harap	dative_e
hararetli	noun	hararet	compositive_li
harbici	noun	harbi	actor_ci
harcama	noun	harca	infinitive_me
harcamak	noun	harca	infinitive_mek
harcan	verb	harca	reflexive_in
harcanmak	noun	harca	passive_il infinitive_mek
hareketi	noun	hareket	possessive_3sg
hareketli	noun	hareket	compositive_li
hareketlilik	noun	hareket	compositive_li suitative_lik
hareketsiz	noun	hareket	privative_siz
harici	noun	hariç	possessive_3sg
haritacı	noun	harita	actor_ci
harmancı	noun	harman	actor_ci
harmanla	verb	harman	applicative_le
harçlık	noun	harç	suitative_lik
hasreddin	noun	hasret	conjugation_2sg
hasretmek	noun	hasret	infinitive_mek
hastalan	verb	hasta	applicative_le reflexive_in
hastalık	noun	hasta	suitative_lik
hastalıklı	noun	hasta	suitative_lik compositive_li
hastanede	noun	hastane	locative_de
hastaneden	noun	hastane	ablative_den
hasılı	noun	hasıl	possessive_3sg
hasırcı	noun	hasır	actor_ci
hatalı	noun	hata	compositive_li
hatbe	noun	hatip	dative_e
hatırla	verb	hatır	applicative_le
havacı	noun	hava	actor_ci
havacılık	noun	hava	actor_ci suitative_lik
havadalar	noun	hava	locative_de conjugation_3pl
havadan	noun	hava	ablative_den
havalan	verb	hava	applicative_le reflexive_in
havalı	noun	hava	compositive_li
havli	noun	havil	possessive_3sg
havliyle	noun	havil	possessive_3sg confactuous_le
havva	noun	hav	dative_e
haykırmak	noun	haykır	infinitive_mek
haykırt	verb	haykır	active_it
haykırtmak	noun	haykır	active_it infinitive_mek
hayranlık	noun	hayran	suitative_lik
hayranlıkla	noun	hayran	suitative_lik confactuous_le
hayreddin	noun	hayret	possessive_2sg
hayretle	noun	hayret	confactuous_le
hayrola	noun	hayrol	dative_e
haytı	noun	hayıt	possessive_3sg
hayvancılık	noun	hayvan	actor_ci suitative_lik
hayırlı	noun	hayır	compositive_li
hazcı	noun	haz	actor_ci
hazmetmek	noun	hazmet	infinitive_mek
hazretleri	noun	hazret	plural_ler possessive_3sg
hazırla	verb	hazır	applicative_le
hazırlama	noun	hazır	applicative_le infinitive_me
hazırlandırıldığ	noun	hazır	applicative_le reflexive_in active_dir passive_il adjectifier_dik
hazırlayıp	noun	hazır	applicative_le adverbial_ip
hazırlık	noun	hazır	suitative_lik
hazırlıklarını	noun	hazır	suitative_lik possessive_3pl accusative_i
hazırlıklı	noun	hazır	suitative_lik compositive_li
haçlı	noun	haç	compositive_li
haşlama	noun	haşla	infinitive_me
haşlayıp	noun	haşla	adverbial_ip
hedefi	noun	hedef	possessive_3sg
hedefle	verb	hedef	applicative_le
hedge	noun	hedik	dative_e
hediyelik	noun	hediye	suitative_lik
hekimi	noun	hekim	possessive_3sg
hekimlik	noun	hekim	suitative_lik
helalleş	verb	helal	applicative_le reflexive_is
helalli	noun	helal	compositive_li
helallik	noun	helal	suitative_lik
helli	noun	hele	compositive_li
helsinki	noun	helis	noun_compound marking_ki
hemşehrisi	noun	hemşehri	possessive_3sg
hepside	noun	hep	approximative_si locative_de
hesaba	noun	hesap	dative_e
hesabını	noun	hesap	possessive_3sg accusative_i
hesapla	verb	hesap	applicative_le
hesaplamak	noun	hesap	applicative_le infinitive_mek
hesaplayıp	noun	hesap	applicative_le adverbial_ip
hesaplayış	noun	hesap	applicative_le nounifier_iş
hesaplaş	verb	hesap	applicative_le reflexive_is
hesaplaşma	noun	hesap	applicative_le reflexive_is infinitive_me
hesaplı	noun	hesap	compositive_li
heybetli	noun	heybet	compositive_li
heyecanlı	noun	heyecan	compositive_li
heyecanı	noun	heyecan	possessive_3sg
heyetiyle	noun	heyet	possessive_3sg confactuous_le
heykelci	noun	heykel	actor_ci
heykeli	noun	heykel	accusative_i
hiddetlen	verb	hiddet	applicative_le reflexive_in
hikayeci	noun	hikaye	actor_ci
hilmi	noun	hile	possessive_1sg accusative_i
himayeci	noun	himaye	actor_ci
hindici	noun	hindi	actor_ci
hindle	noun	hint	confactuous_le
hintli	noun	hint	compositive_li
hisseden	noun	hisset	factative_en
hissedil	verb	hisset	passive_il
hissedilmek	noun	hisset	passive_il infinitive_mek
hissediş	noun	hisset	nounifier_iş
hissetirilen	noun	hisset	active_ir passive_il factative_en
hissetmek	noun	hisset	infinitive_mek
hissetmektir	noun	hisset	infinitive_mek nounaorist_dir
hitlerci	noun	hitler	actor_ci
hitlerin	noun	hitler	noun_compound
hizala	verb	hiza	applicative_le
hizmetinizde	noun	hizmet	possessive_2pl locative_de
hizmetli	noun	hizmet	compositive_li
hizmetçi	noun	hizmet	actor_ci
hiçle	verb	hiç	applicative_le
hiçlik	noun	hiç	suitative_lik
hocalar	noun	hoca	plural_ler
hocam	noun	hoca	possessive_1sg
hollandalı	noun	hollanda	compositive_li
homurdanmak	noun	homurdan	infinitive_mek
honda	noun	hona	locative_de
hopla	verb	hop	applicative_le
hoplatış	noun	hop	applicative_le active_it nounifier_iş
hoplayış	noun	hop	applicative_le nounifier_iş
horla	verb	hor	applicative_le
horlayış	noun	hor	applicative_le nounifier_iş
hortumla	verb	hortum	applicative_le
hoşgörücü	noun	hoşgörü	actor_ci
hoşlan	verb	hoş	applicative_le reflexive_in
hoşlanmaz	noun	hoş	applicative_le reflexive_in negative_me factative_ir
hoşnutlu	noun	hoşnut	compositive_li
hoşnutsuz	noun	hoşnut	privative_siz
hoştan	noun	hoş	ablative_den
hoştu	noun	hoş	pasttense_noundi
hristiyanlık	noun	hristiyan	suitative_lik
hukuka	noun	hukuk	dative_e
hukukçu	noun	hukuk	actor_ci
hurdacı	noun	hurda	actor_ci
huylan	verb	huy	applicative_le reflexive_in
huylu	noun	huy	compositive_li
huysuz	noun	huy	privative_siz
huysuzlan	verb	huy	privative_siz applicative_le reflexive_in
huzurlu	noun	huzur	compositive_li
huzursuz	noun	huzur	privative_siz
huzursuzluk	noun	huzur	privative_siz suitative_lik
hücumcu	noun	hücum	actor_ci
hükmetmek	noun	hükmet	infinitive_mek
hükümlü	noun	hüküm	compositive_li
hükümsüz	noun	hüküm	privative_siz
hülleci	noun	hülle	actor_ci
hülyadır	noun	hülya	nounaorist_dir
hüsnü	noun	hüsün	possessive_3sg
hüzünlü	noun	hüzün	compositive_li
hınzırca	noun	hınzır	relative_ce
hırla	verb	hır	applicative_le
hırlayış	noun	hır	applicative_le nounifier_iş
hırslı	noun	hırs	compositive_li
hırsızlık	noun	hırsız	suitative_lik
hızlı	noun	hız	compositive_li
hıçkırmak	noun	hıçkır	infinitive_mek
hıçkırt	verb	hıçkır	active_it
hıçkırtmak	noun	hıçkır	active_it infinitive_mek
ibadetsiz	noun	ibadet	privative_siz
icin	noun	iç	possessive_2sg
icinde	noun	iç	possessive_3sg locative_de
icracı	noun	icra	actor_ci
idareci	noun	idare	actor_ci
idareciye	noun	idare	actor_ci dative_e
iddiacı	noun	iddia	actor_ci
iddialıysa	noun	iddia	compositive_li if_se
iddiları	noun	iddia	possessive_3pl
idealisttir	noun	idealist	nounaorist_dir
idealsiz	noun	ideal	privative_siz
idmancı	noun	idman	actor_ci
iftiracı	noun	iftira	actor_ci
ihmalci	noun	ihmal	actor_ci
ihracatçı	noun	ihracat	actor_ci
ihtilalci	noun	ihtilal	actor_ci
ihtimaldir	noun	ihtimal	nounaorist_dir
ihtiyarcık	noun	ihtiyar	diminutive_cik
ihtiyarla	verb	ihtiyar	applicative_le
ihtiyarlayış	noun	ihtiyar	applicative_le nounifier_iş
ihtişamlı	noun	ihtişam	compositive_li
ikici	noun	iki	actor_ci
ikile	verb	iki	applicative_le
ikili	noun	iki	compositive_li
ikilik	noun	iki	suitative_lik
ikimizden	noun	iki	possessive_1pl ablative_den
ikinci	noun	iki	ordinal_inci
ikincisi	noun	iki	ordinal_inci possessive_3sg
ikisi	noun	iki	possessive_3sg
ikramcı	noun	ikram	actor_ci
iktisatçı	noun	iktisat	actor_ci
ilannın	noun	ilan	possessive_2sg
ilaçla	verb	ilaç	applicative_le
ilaçlama	noun	ilaç	applicative_le infinitive_me
ilede	noun	ilet	adverbial_e
ilerici	noun	ileri	actor_ci
ileride	noun	ileri	locative_de
ilerleme	noun	ilerle	infinitive_me
ilerleyen	noun	ilerle	factative_en
ilerleyiş	noun	ilerle	nounifier_iş
iletici	noun	ileti	actor_ci
iletil	verb	ilet	passive_il
iletilmek	noun	ilet	passive_il infinitive_mek
iletiş	noun	ilet	nounifier_iş
iletişim	noun	ilet	reflexive_is nounifier_im
ilgilen	verb	ilgi	applicative_le reflexive_in
ilgilenip	noun	ilgi	applicative_le reflexive_in adverbial_ip
ilgilenmek	noun	ilgi	applicative_le reflexive_in infinitive_mek
ilgili	noun	ilgi	compositive_li
ilgiliydi	noun	ilgi	compositive_li pasttense_noundi
ilgimizi	noun	ilgi	possessive_1pl accusative_i
ilginçtir	noun	ilginç	nounaorist_dir
ilgisizlik	noun	ilgi	privative_siz suitative_lik
ilikle	verb	ilik	applicative_le
ilikleyiş	noun	ilik	applicative_le nounifier_iş
ilişkiden	noun	ilişki	ablative_den
ilişkili	noun	ilişki	compositive_li
ilişkiliydi	noun	ilişki	compositive_li pasttense_noundi
ilişkimiz	noun	ilişki	possessive_1pl
iliştiril	verb	iliş	active_dir passive_il
ilkeci	noun	ilke	actor_ci
ilkeli	noun	ilke	compositive_li
ilkokulu	noun	ilkokul	possessive_3sg
imamlık	noun	imam	suitative_lik
imanlı	noun	iman	compositive_li
imansız	noun	iman	privative_siz
imarcı	noun	imar	actor_ci
imgeci	noun	imge	actor_ci
imkansızdır	noun	imkan	privative_siz nounaorist_dir
imparatorluk	noun	imparator	suitative_lik
imrenmek	noun	imren	infinitive_mek
imtiyazlı	noun	imtiyaz	compositive_li
imzala	verb	imza	applicative_le
imzalamak	noun	imza	applicative_le infinitive_mek
imzalı	noun	imza	compositive_li
imzasını	noun	imza	possessive_3sg accusative_i
inancı	noun	inan	actor_ci
inanmak	noun	inan	infinitive_mek
inançlı	noun	inanç	compositive_li
inanıp	noun	inan	adverbial_ip
inanır	noun	inan	factative_ir
inatçı	noun	inat	actor_ci
inceden	noun	ince	ablative_den
incele	verb	ince	applicative_le
inceleme	noun	ince	applicative_le infinitive_me
incelip	noun	incel	adverbial_ip
incelmek	noun	incel	infinitive_mek
incelt	verb	incel	active_it
incinmek	noun	incin	infinitive_mek
incirlik	noun	incir	suitative_lik
incitmek	noun	incit	infinitive_mek
indi	noun	in	pasttense_noundi
indirgemek	noun	indirge	infinitive_mek
indirgen	noun	indir	constofactative_gen
indirgen	verb	indirge	reflexive_in
indirgenmek	noun	indirge	reflexive_in infinitive_mek
indiril	verb	indir	passive_il
indirilmek	noun	indir	passive_il infinitive_mek
indirim	noun	indir	nounifier_im
indiriş	noun	indir	nounifier_iş
indirt	verb	indir	active_it
indirtmek	noun	indir	active_it infinitive_mek
inece	noun	ineç	dative_e
inegöllü	noun	inegöl	compositive_li
infazcı	noun	infaz	actor_ci
ingilizce	noun	ingiliz	relative_ce
ingilterede	noun	ingiltere	locative_de
ini	noun	in	possessive_3sg
inkarcı	noun	inkar	actor_ci
insafsız	noun	insaf	privative_siz
insana	noun	insan	dative_e
insancı	noun	insan	actor_ci
insancılık	noun	insan	actor_ci suitative_lik
insanlık	noun	insan	suitative_lik
insanlığa	noun	insan	suitative_lik dative_e
internetteki	noun	internet	locative_de marking_ki
intikamcı	noun	intikam	actor_ci
inşaatçı	noun	inşaat	actor_ci
ipekli	noun	ipek	compositive_li
ipin	noun	ip	noun_compound
iple	verb	ip	applicative_le
iradeci	noun	irade	actor_ci
iradenizle	noun	irade	possessive_2pl confactuous_le
iranlı	noun	iran	compositive_li
irili	noun	iri	compositive_li
irkiliş	noun	irkil	nounifier_iş
irkilt	verb	irkil	active_it
isabetli	noun	isabet	compositive_li
isabetsiz	noun	isabet	privative_siz
isasız	noun	isa	privative_siz
isimlendiril	verb	isim	applicative_le reflexive_in active_dir passive_il
isimlendirilmek	noun	isim	applicative_le reflexive_in active_dir passive_il infinitive_mek
isimli	noun	isim	compositive_li
ispatla	verb	ispat	applicative_le
ispatlayış	noun	ispat	applicative_le nounifier_iş
israilli	noun	israil	compositive_li
istanbula	noun	istanbul	dative_e
istanbulun	noun	istanbul	noun_compound
istekli	noun	istek	compositive_li
istem	noun	iste	nounifier_im
istemek	noun	iste	infinitive_mek
istemektir	noun	iste	infinitive_mek nounaorist_dir
istemli	noun	iste	nounifier_im compositive_li
istemsiz	noun	iste	nounifier_im privative_siz
ister	noun	iste	factative_ir
isteyince	noun	iste	adverbial_ince
isteyip	noun	iste	adverbial_ip
isteyiş	noun	iste	nounifier_iş
isteğe	noun	istek	dative_e
isteğimiz	noun	istek	possessive_1pl
istikrarsız	noun	istikrar	privative_siz
istismarcı	noun	istismar	actor_ci
isveçli	noun	isveç	compositive_li
isyancı	noun	isyan	actor_ci
italyası	noun	italya	possessive_3sg
itfaiyeci	noun	itfaiye	actor_ci
ithalatçı	noun	ithalat	actor_ci
iti	noun	it	possessive_3sg
itibariyle	noun	itibari	confactuous_le
itibarıyla	noun	itibar	possessive_3sg confactuous_le
itilmiş	noun	it	passive_il pastfactative_miş
itirafçı	noun	itiraf	actor_ci
itirazcı	noun	itiraz	actor_ci
itirazı	noun	itiraz	possessive_3sg
itmek	noun	it	infinitive_mek
ivedilikle	noun	ivedi	suitative_lik confactuous_le
ivme	noun	iv	infinitive_me
iyice	noun	iyi	relative_ce
iyide	noun	iyi	locative_de
iyidir	noun	iyi	nounaorist_dir
iyileşince	noun	iyi	applicative_le reflexive_is adverbial_ince
iyilik	noun	iyi	suitative_lik
iyilikle	noun	iyi	suitative_lik confactuous_le
iyilikçi	noun	iyi	suitative_lik actor_ci
iyime	noun	iyi	possessive_1sg dative_e
iyimserlik	noun	iyimser	suitative_lik
iyimserliktir	noun	iyimser	suitative_lik nounaorist_dir
iyiydi	noun	iyi	pasttense_noundi
iyiye	noun	iyi	dative_e
izinsiz	noun	izin	privative_siz
izle	verb	iz	applicative_le
izleme	noun	iz	applicative_le infinitive_me
izlemek	noun	iz	applicative_le infinitive_mek
izlenim	noun	iz	applicative_le reflexive_in nounifier_im
izleri	noun	iz	applicative_le factative_ir possessive_3sg
izletil	verb	iz	applicative_le active_it passive_il
izletilmek	noun	iz	applicative_le active_it passive_il infinitive_mek
izleyen	noun	iz	applicative_le factative_en
izleyip	noun	iz	applicative_le adverbial_ip
izleyiş	noun	iz	applicative_le nounifier_iş
izmirli	noun	izmir	compositive_li
izzeddin	noun	izzet	possessive_2sg
içecek	noun	iç	nounifier_ecek
içerisinde	noun	içeri	possessive_3sg locative_de
içerisine	noun	içeri	possessive_3sg dative_e
içermek	noun	içer	infinitive_mek
içersinde	noun	iç	factative_ir approximative_si possessive_2sg locative_de
içi	noun	iç	possessive_3sg
içim	noun	iç	nounifier_im
içimiz	noun	iç	possessive_1pl
içimizden	noun	iç	possessive_1pl ablative_den
içinde	noun	iç	possessive_3sg locative_de
içindeydi	noun	iç	possessive_3sg locative_de pasttense_noundi
içine	noun	iç	possessive_3sg dative_e
içinizde	noun	iç	possessive_2pl locative_de
içinne	noun	için	dative_e
içir	verb	iç	active_ir
içki	noun	iç	nounifier_gi
içkici	noun	iç	nounifier_gi actor_ci
içme	noun	iç	infinitive_me
içmek	noun	iç	infinitive_mek
içtenlik	noun	içten	suitative_lik
içtensiz	noun	içten	privative_siz
iğneci	noun	iğne	actor_ci
iğneleyiş	noun	iğne	applicative_le nounifier_iş
iğrenmek	noun	iğren	infinitive_mek
işaretle	verb	işaret	applicative_le
işarettir	noun	işaret	nounaorist_dir
işemek	noun	işe	infinitive_mek
işen	verb	işe	reflexive_in
işenmek	noun	işe	reflexive_in infinitive_mek
işetme	noun	işe	active_it infinitive_me
işgalci	noun	işgal	actor_ci
işi	noun	iş	accusative_i
işinizle	noun	iş	possessive_2pl confactuous_le
işitme	noun	işit	infinitive_me
işitmek	noun	işit	infinitive_mek
işkembeci	noun	işkembe	actor_ci
işle	verb	iş	applicative_le
işlem	noun	iş	applicative_le nounifier_im
işleme	noun	iş	applicative_le infinitive_me
işler	noun	iş	plural_ler
işletil	verb	iş	applicative_le active_it passive_il
işletme	noun	iş	applicative_le active_it infinitive_me
işlevci	noun	işlev	actor_ci
işleyip	noun	iş	applicative_le adverbial_ip
işleyiş	noun	iş	applicative_le nounifier_iş
işsiz	noun	iş	privative_siz
işsizlik	noun	iş	privative_siz suitative_lik
işte	noun	iş	locative_de
iştir	noun	iş	nounaorist_dir
işçi	noun	iş	actor_ci
işçiydi	noun	iş	actor_ci pasttense_noundi
judocu	noun	judo	actor_ci
kabalık	noun	kaba	suitative_lik
kabarmak	noun	kabar	infinitive_mek
kabart	verb	kabar	active_it
kabartmak	noun	kabar	active_it infinitive_mek
kablocu	noun	kablo	actor_ci
kablola	verb	kablo	applicative_le
kabuklu	noun	kabuk	compositive_li
kabullen	verb	kabul	applicative_le reflexive_in
kabullenmek	noun	kabul	applicative_le reflexive_in infinitive_mek
kadarcık	noun	kadar	diminutive_cik
kademeli	noun	kademe	compositive_li
kaderci	noun	kader	actor_ci
kadirilik	noun	kadiri	suitative_lik
kadrocu	noun	kadro	actor_ci
kadıköylü	noun	kadıköy	compositive_li
kafadan	noun	kafa	ablative_den
kafalı	noun	kafa	compositive_li
kafesle	verb	kafes	applicative_le
kaftancı	noun	kaftan	actor_ci
kahramanlık	noun	kahraman	suitative_lik
kahretmek	noun	kahret	infinitive_mek
kahrolmak	noun	kahrol	infinitive_mek
kahroluş	noun	kahrol	nounifier_iş
kahvaltıcı	noun	kahvaltı	actor_ci
kahveci	noun	kahve	actor_ci
kahvehaneci	noun	kahvehane	actor_ci
kahveli	noun	kahve	compositive_li
kaideci	noun	kaide	actor_ci
kakmak	noun	kak	infinitive_mek
kakılmış	noun	kak	passive_il pastfactative_miş
kakış	verb	kak	reflexive_is
kala	noun	kal	adverbial_e
kalabalıktı	noun	kalabalık	pasttense_noundi
kalakal	verb	kal	remainmative_ekalmak
kalan	noun	kal	factative_en
kaldı	noun	kal	pasttense_di
kaldıkça	noun	kal	adverbial_dikçe
kaldın	noun	kal	pasttense_di conjugation_2sg
kaldır	verb	kal	active_dir
kaldıran	noun	kal	active_dir factative_en
kaldırma	noun	kal	active_dir infinitive_me
kaldırmak	noun	kal	active_dir infinitive_mek
kaldırt	verb	kal	active_dir active_it
kaldırtmak	noun	kal	active_dir active_it infinitive_mek
kaldırılış	noun	kal	active_dir passive_il nounifier_iş
kaldırımlı	noun	kaldırım	compositive_li
kaldırımının	noun	kal	active_dir nounifier_im possessive_3sg noun_compound
kaldırıp	noun	kal	active_dir adverbial_ip
kaldırış	noun	kal	active_dir nounifier_iş
kaleci	noun	kale	actor_ci
kalemli	noun	kalem	compositive_li
kaliteli	noun	kalite	compositive_li
kaliteliydi	noun	kalite	compositive_li pasttense_noundi
kalitesiz	noun	kalite	privative_siz
kalkma	noun	kalk	infinitive_me
kalkmak	noun	kalk	infinitive_mek
kalkın	verb	kalk	reflexive_in
kalkınma	noun	kalk	reflexive_in infinitive_me
kalkınış	noun	kalk	reflexive_in nounifier_iş
kalkıp	noun	kalk	adverbial_ip
kalkış	verb	kalk	reflexive_is
kalkışmak	noun	kalk	reflexive_is infinitive_mek
kalkışınca	noun	kalk	reflexive_is adverbial_ince
kalma	noun	kal	infinitive_me
kalmadıysa	noun	kal	negative_me pasttense_di if_se
kalmak	noun	kal	infinitive_mek
kalmalı	noun	kal	infinitive_me compositive_li
kaloriferci	noun	kalorifer	actor_ci
kalım	noun	kal	nounifier_im
kalınca	noun	kal	adverbial_ince
kalınlık	noun	kalın	suitative_lik
kalınlığı	noun	kalın	suitative_lik possessive_3sg
kalıplaş	verb	kalıp	applicative_le reflexive_is
kalıplaşmış	noun	kalıp	applicative_le reflexive_is pastfactative_miş
kalışınadır	noun	kal	nounifier_iş possessive_3sg dative_e nounaorist_dir
kamaşmak	noun	kamaş	infinitive_mek
kampanyacı	noun	kampanya	actor_ci
kamyoncu	noun	kamyon	actor_ci
kanalizasyonsuz	noun	kanalizasyon	privative_siz
kanalıyla	noun	kanal	possessive_3sg confactuous_le
kanama	noun	kana	infinitive_me
kanamak	noun	kana	infinitive_mek
kanat	verb	kana	active_it
kanatlı	noun	kanat	compositive_li
kanatmak	noun	kana	active_it infinitive_mek
kandırılış	noun	kan	active_dir passive_il nounifier_iş
kandırış	noun	kan	active_dir nounifier_iş
kanla	verb	kan	applicative_le
kanlı	noun	kan	compositive_li
kanmak	noun	kan	infinitive_mek
kansız	noun	kan	privative_siz
kantinci	noun	kantin	actor_ci
kantocu	noun	kanto	actor_ci
kanuncu	noun	kanun	actor_ci
kanıksama	noun	kanıksa	infinitive_me
kanıksayış	noun	kanıksa	nounifier_iş
kanım	noun	kan	nounifier_im
kanırmak	noun	kanır	infinitive_mek
kanırt	verb	kanır	active_it
kanırtmak	noun	kanır	active_it infinitive_mek
kanıtla	verb	kanıt	applicative_le
kanıtlı	noun	kanıt	compositive_li
kanıtsız	noun	kanıt	privative_siz
kapama	noun	kapa	infinitive_me
kapamak	noun	kapa	infinitive_mek
kapanma	noun	kapa	passive_il infinitive_me
kapanmak	noun	kapa	passive_il infinitive_mek
kapasiteli	noun	kapasite	compositive_li
kapatlılar	noun	kapat	compositive_li applicative_le factative_ir
kapatma	noun	kapa	active_it infinitive_me
kapatmak	noun	kapa	active_it infinitive_mek
kapatılış	noun	kapa	active_it passive_il nounifier_iş
kapla	verb	kap	applicative_le
kaplama	noun	kap	applicative_le infinitive_me
kaplatış	noun	kap	applicative_le active_it nounifier_iş
kaplayış	noun	kap	applicative_le nounifier_iş
kaplı	noun	kap	compositive_li
kapmak	noun	kap	infinitive_mek
kaprisli	noun	kapris	compositive_li
kapsama	noun	kapsam	dative_e
kapsüllem	noun	kapsül	applicative_le nounifier_im
kapsüllemek	noun	kapsül	applicative_le infinitive_mek
kaptanlık	noun	kaptan	suitative_lik
kapıcı	noun	kapı	actor_ci
kapıcılar	noun	kapı	actor_ci applicative_le factative_ir
kapıcıların	noun	kapı	actor_ci plural_ler possessive_2sg
kapıcıya	noun	kapı	actor_ci dative_e
kapılı	noun	kapı	compositive_li
kapılış	noun	kap	passive_il nounifier_iş
kapıp	noun	kap	adverbial_ip
kapış	verb	kap	reflexive_is
karadağlı	noun	karadağ	compositive_li
karadenizli	noun	karadeniz	compositive_li
karagözcü	noun	karagöz	actor_ci
karaktersiz	noun	karakter	privative_siz
karala	verb	kara	applicative_le
karalama	noun	kara	applicative_le infinitive_me
karalayış	noun	kara	applicative_le nounifier_iş
karanfilci	noun	karanfil	actor_ci
kararla	verb	karar	applicative_le
kararlı	noun	karar	compositive_li
kararlılık	noun	karar	compositive_li suitative_lik
kararmak	noun	karar	infinitive_mek
kararmalı	noun	karar	infinitive_me compositive_li
karartma	noun	karar	active_it infinitive_me
karartmak	noun	karar	active_it infinitive_mek
kararınca	noun	karar	adverbial_ince
karaya	noun	kara	dative_e
karcılıları	noun	kar	actor_ci compositive_li possessive_3pl
karcılıların	noun	kar	actor_ci compositive_li plural_ler possessive_2sg
kardeşlerimle	noun	kardeş	plural_ler possessive_1sg confactuous_le
kardeşlik	noun	kardeş	suitative_lik
kardeşçe	noun	kardeş	relative_ce
kardinallik	noun	kardinal	suitative_lik
kareli	noun	kare	compositive_li
kargaşacı	noun	kargaşa	actor_ci
kargocu	noun	kargo	actor_ci
kargılı	noun	kargı	compositive_li
karikatürcü	noun	karikatür	actor_ci
kariyerli	noun	kariyer	compositive_li
karlı	noun	kar	compositive_li
karlık	noun	kar	suitative_lik
karma	noun	kar	infinitive_me
karmak	noun	kar	infinitive_mek
karpuzcu	noun	karpuz	actor_ci
karslı	noun	kars	compositive_li
kartlı	noun	kart	compositive_li
kartoncu	noun	karton	actor_ci
kartpostalcı	noun	kartpostal	actor_ci
karınca	noun	kar	adverbial_ince
karış	verb	kar	reflexive_is
karışmak	noun	kar	reflexive_is infinitive_mek
karıştırış	noun	kar	reflexive_is active_dir nounifier_iş
karışıklık	noun	karışık	suitative_lik
karışında	noun	kar	nounifier_iş possessive_3sg locative_de
karşıla	verb	karşı	applicative_le
karşılama	noun	karşı	applicative_le infinitive_me
karşılamak	noun	karşı	applicative_le infinitive_mek
karşılayıp	noun	karşı	applicative_le adverbial_ip
karşılayış	noun	karşı	applicative_le nounifier_iş
karşılaş	verb	karşı	applicative_le reflexive_is
karşılaşma	noun	karşı	applicative_le reflexive_is infinitive_me
karşılaştır	verb	karşı	applicative_le reflexive_is active_dir
karşılaşılan	noun	karşı	applicative_le reflexive_is passive_il factative_en
karşılık	noun	karşı	suitative_lik
karşılıklı	noun	karşı	suitative_lik compositive_li
karşılıklıysa	noun	karşı	suitative_lik compositive_li if_se
karşılıksız	noun	karşı	suitative_lik privative_siz
karşılıksızdır	noun	karşı	suitative_lik privative_siz nounaorist_dir
karşıtla	verb	karşıt	applicative_le
karşıyakalı	noun	karşıyaka	compositive_li
kasacı	noun	kasa	actor_ci
kasedin	noun	kaset	noun_compound
kasmak	noun	kas	infinitive_mek
kastetmek	noun	kastet	infinitive_mek
kasvetli	noun	kasvet	compositive_li
kasılış	noun	kas	passive_il nounifier_iş
kata	noun	kat	adverbial_e
katana	noun	kat	factative_en dative_e
katetecek	noun	katet	nounifier_ecek
katetmek	noun	katet	infinitive_mek
katiyede	noun	katiyet	dative_e
katkı	noun	kat	nounifier_gi
katla	verb	kat	applicative_le
katlan	verb	kat	applicative_le reflexive_in
katlayıp	noun	kat	applicative_le adverbial_ip
katlayış	noun	kat	applicative_le nounifier_iş
katliamdır	noun	katliam	nounaorist_dir
katlı	noun	kat	compositive_li
katma	noun	kat	infinitive_me
katmak	noun	kat	infinitive_mek
katrilyonluk	noun	katrilyon	suitative_lik
katıl	verb	kat	passive_il
katılım	noun	kat	passive_il nounifier_im
katılımcı	noun	kat	passive_il nounifier_im actor_ci
katış	verb	kat	reflexive_is
kavgacı	noun	kavga	actor_ci
kavmi	noun	kavim	possessive_3sg
kavram	noun	kavra	nounifier_im
kavramak	noun	kavra	infinitive_mek
kavran	verb	kavra	reflexive_in
kavranmak	noun	kavra	reflexive_in infinitive_mek
kavrat	verb	kavra	active_it
kavratmak	noun	kavra	active_it infinitive_mek
kavrul	verb	kavur	passive_il
kavrulmak	noun	kavur	passive_il infinitive_mek
kavrulmuş	noun	kavur	passive_il pastfactative_miş
kavrulup	noun	kavur	passive_il adverbial_ip
kavruluş	noun	kavur	passive_il nounifier_iş
kavuncu	noun	kavun	actor_ci
kavurmak	noun	kavur	infinitive_mek
kavurt	verb	kavur	active_it
kavurtmak	noun	kavur	active_it infinitive_mek
kavuruş	noun	kavur	nounifier_iş
kavuşmak	noun	kavuş	infinitive_mek
kavuşmalı	noun	kavuş	infinitive_me compositive_li
kavuştur	verb	kavuş	active_dir
kavuşturmak	noun	kavuş	active_dir infinitive_mek
kavuşunca	noun	kavuş	adverbial_ince
kavuşup	noun	kavuş	adverbial_ip
kayacı	noun	kaya	actor_ci
kayalık	noun	kaya	suitative_lik
kaybedil	verb	kaybet	passive_il
kaybedilmek	noun	kaybet	passive_il infinitive_mek
kaybetme	noun	kaybet	infinitive_me
kaybetmek	noun	kaybet	infinitive_mek
kaybolmak	noun	kaybol	infinitive_mek
kaybolup	noun	kaybol	adverbial_ip
kayboluş	noun	kaybol	nounifier_iş
kaydedil	verb	kaydet	passive_il
kaydedilmek	noun	kaydet	passive_il infinitive_mek
kaydedip	noun	kaydet	adverbial_ip
kaydetmek	noun	kaydet	infinitive_mek
kaydolmak	noun	kaydol	infinitive_mek
kaydırt	verb	kay	active_dir active_it
kaydırtmak	noun	kay	active_dir active_it infinitive_mek
kaydırış	noun	kay	active_dir nounifier_iş
kaygılanma	noun	kaygı	applicative_le reflexive_in infinitive_me
kaygılanıp	noun	kaygı	applicative_le reflexive_in adverbial_ip
kaygısızlar	noun	kaygı	privative_siz applicative_le factative_ir
kaymak	noun	kay	infinitive_mek
kaymakamlık	noun	kaymakam	suitative_lik
kaymaklı	noun	kay	infinitive_mek compositive_li
kaynakla	noun	kaynak	confactuous_le
kaynakla	verb	kaynak	applicative_le
kaynaklan	verb	kaynak	applicative_le reflexive_in
kaynaklanmaktadır	noun	kaynak	applicative_le reflexive_in infinitive_mek locative_de nounaorist_dir
kaynaklı	noun	kaynak	compositive_li
kaynaklık	noun	kaynak	suitative_lik
kaynakçı	noun	kaynak	actor_ci
kaynama	noun	kayna	infinitive_me
kaynamak	noun	kayna	infinitive_mek
kaynatmak	noun	kayna	active_it infinitive_mek
kaynayınca	noun	kayna	adverbial_ince
kaynaş	verb	kayna	reflexive_is
kaynaşmak	noun	kayna	reflexive_is infinitive_mek
kaynaşım	noun	kayna	reflexive_is nounifier_im
kayseriye	noun	kayseri	dative_e
kaytarmak	noun	kaytar	infinitive_mek
kayıkçı	noun	kayık	actor_ci
kayıplar	noun	kayıp	plural_ler
kayıpsız	noun	kayıp	privative_siz
kayırmak	noun	kayır	infinitive_mek
kayırt	verb	kayır	active_it
kayırtmak	noun	kayır	active_it infinitive_mek
kayıtla	verb	kayıt	applicative_le
kayıtlı	noun	kayıt	compositive_li
kayıtsız	noun	kayıt	privative_siz
kayış	noun	kay	nounifier_iş
kazancı	noun	kazan	actor_ci
kazanma	noun	kazan	infinitive_me
kazanmak	noun	kazan	infinitive_mek
kazannın	noun	kazan	conjugation_2sg
kazanım	noun	kazan	nounifier_im
kazanımlar	noun	kazan	nounifier_im applicative_le factative_ir
kazanımların	noun	kazan	nounifier_im plural_ler possessive_2sg
kazanımlarına	noun	kazan	nounifier_im applicative_le active_er reflexive_in adverbial_e
kazanınca	noun	kazan	adverbial_ince
kazdırt	verb	kaz	active_dir active_it
kazdırtmak	noun	kaz	active_dir active_it infinitive_mek
kazma	noun	kaz	infinitive_me
kazmak	noun	kaz	infinitive_mek
kazıkla	verb	kazık	applicative_le
kazıklayış	noun	kazık	applicative_le nounifier_iş
kazılı	noun	kazı	compositive_li
kazılış	noun	kaz	passive_il nounifier_iş
kazım	noun	kazı	nounifier_im
kazımak	noun	kazı	infinitive_mek
kazın	verb	kazı	reflexive_in
kazıt	verb	kazı	active_it
kazıtmak	noun	kazı	active_it infinitive_mek
kaçak	noun	kaç	toolative_ek
kaçan	noun	kaç	factative_en
kaçar	noun	kaç	factative_ir
kaçaran	noun	kaç	active_er factative_en
kaçmak	noun	kaç	infinitive_mek
kaçın	verb	kaç	reflexive_in
kaçınma	noun	kaç	reflexive_in infinitive_me
kaçınılmaz	noun	kaç	reflexive_in passive_il negative_me factative_ir
kaçıp	noun	kaç	adverbial_ip
kaçır	verb	kaç	active_ir
kaçıran	noun	kaç	active_ir factative_en
kaçırmak	noun	kaç	active_ir infinitive_mek
kaçırt	verb	kaç	active_ir active_it
kaçırtmak	noun	kaç	active_ir active_it infinitive_mek
kaçış	noun	kaç	nounifier_iş
kağıdı	noun	kağıt	possessive_3sg
kağıtla	verb	kağıt	applicative_le
kaşlı	noun	kaş	compositive_li
kaşıkla	verb	kaşık	applicative_le
kaşıklayış	noun	kaşık	applicative_le nounifier_iş
kaşıkçı	noun	kaşık	actor_ci
kaşımak	noun	kaşı	infinitive_mek
kaşın	verb	kaşı	reflexive_in
kaşınmak	noun	kaşı	reflexive_in infinitive_mek
kaşıyacak	noun	kaşı	nounifier_ecek
kebapçı	noun	kebap	actor_ci
kefenci	noun	kefen	actor_ci
kefenin	noun	kefen	noun_compound
kefenleyiş	noun	kefen	applicative_le nounifier_iş
kekeleyiş	noun	kekele	nounifier_iş
keklik	noun	kek	suitative_lik
kelebekler	noun	kelebek	plural_ler
kelepçele	verb	kelepçe	applicative_le
kelepçeli	noun	kelepçe	compositive_li
kelleci	noun	kelle	actor_ci
kellesine	noun	kelle	possessive_3sg dative_e
kemancı	noun	keman	actor_ci
kemancıyı	noun	keman	actor_ci accusative_i
kemikli	noun	kemik	compositive_li
kemirmek	noun	kemir	infinitive_mek
kenarlık	noun	kenar	suitative_lik
kendilik	noun	kendi	suitative_lik
kendiliklerinden	noun	kendi	suitative_lik possessive_3pl ablative_den
kendiliğinden	noun	kendi	suitative_lik possessive_3sg ablative_den
kentimizi	noun	kent	possessive_1pl accusative_i
kepmek	noun	kep	infinitive_mek
keresinde	noun	kere	possessive_3sg locative_de
kervancı	noun	kervan	actor_ci
kerze	noun	keriz	dative_e
kesen	noun	kes	factative_en
kesi	noun	kes	accusative_i
kesilir	noun	kes	passive_il factative_ir
kesiliş	noun	kes	passive_il nounifier_iş
kesim	noun	kes	nounifier_im
kesimci	noun	kes	nounifier_im actor_ci
kesimle	verb	kes	nounifier_im applicative_le
kesimli	noun	kes	nounifier_im compositive_li
kesince	noun	kes	adverbial_ince
kesinlik	noun	kesin	suitative_lik
kesinlikle	noun	kesin	suitative_lik confactuous_le
kesintisiz	noun	kesinti	privative_siz
kesip	noun	kes	adverbial_ip
kesiş	verb	kes	reflexive_is
kesişen	noun	kes	reflexive_is factative_en
kesişim	noun	kes	reflexive_is nounifier_im
kesişme	noun	kes	reflexive_is infinitive_me
kesmek	noun	kes	infinitive_mek
kesmeli	noun	kesme	compositive_li
kessler	noun	kes	applicative_le factative_ir
kestaneci	noun	kestane	actor_ci
kestiril	verb	kes	active_dir passive_il
kestirilmek	noun	kes	active_dir passive_il infinitive_mek
kestiriş	noun	kes	active_dir nounifier_iş
ketenci	noun	keten	actor_ci
keyifli	noun	keyif	compositive_li
keyifsiz	noun	keyif	privative_siz
keçeci	noun	keçe	actor_ci
keçeciler	noun	keçe	actor_ci applicative_le factative_ir
keşfedil	verb	keşfet	passive_il
keşfetmek	noun	keşfet	infinitive_mek
keşfi	noun	keşif	possessive_3sg
kibbe	noun	kip	dative_e
kibler	noun	kip	applicative_le factative_ir
kilidi	noun	kilit	possessive_3sg
kilitle	verb	kilit	applicative_le
kiloluk	noun	kilo	suitative_lik
kimlik	noun	kim	suitative_lik
kimliktir	noun	kim	suitative_lik nounaorist_dir
kimsesiz	noun	kimse	privative_siz
kimyacı	noun	kimya	actor_ci
kinci	noun	kin	actor_ci
kiracı	noun	kira	actor_ci
kirala	verb	kira	applicative_le
kiram	noun	kira	possessive_1sg
kireçle	verb	kireç	applicative_le
kirlet	verb	kir	applicative_le active_it
kirleten	noun	kir	applicative_le active_it factative_en
kirletme	noun	kir	applicative_le active_it infinitive_me
kirli	noun	kir	compositive_li
kirlilikle	noun	kir	compositive_li suitative_lik confactuous_le
kirliliğe	noun	kir	compositive_li suitative_lik dative_e
kitaplıkta	noun	kitap	suitative_lik locative_de
kitaplığında	noun	kitap	suitative_lik possessive_3sg locative_de
kitapsız	noun	kitap	privative_siz
kitapçı	noun	kitap	actor_ci
kitapçılık	noun	kitap	actor_ci suitative_lik
kitin	noun	kit	noun_compound
kişilik	noun	kişi	suitative_lik
kişilikli	noun	kişi	suitative_lik compositive_li
kişiliğinizi	noun	kişi	suitative_lik possessive_2pl accusative_i
kişisel	noun	kişi	relative_sel
kişiydi	noun	kişi	pasttense_noundi
klorla	verb	klor	applicative_le
klorlama	noun	klor	applicative_le infinitive_me
kocalt	verb	kocal	active_it
kocama	noun	koca	infinitive_me
kocamak	noun	koca	infinitive_mek
kocat	verb	koca	active_it
kocatmak	noun	koca	active_it infinitive_mek
kodla	verb	kod	applicative_le
koga	noun	kok	adverbial_e
kokainci	noun	kokain	actor_ci
kokla	verb	kok	applicative_le
koklayış	noun	kok	applicative_le nounifier_iş
kokmak	noun	kok	infinitive_mek
kokmuşluk	noun	kok	pastfactative_miş suitative_lik
kokpite	noun	kokpit	dative_e
kokulu	noun	koku	compositive_li
kokut	verb	kok	active_it
kokutmak	noun	kok	active_it infinitive_mek
kokuş	noun	kok	nounifier_iş
kokuş	verb	kok	reflexive_is
kokuşmak	noun	kok	reflexive_is infinitive_mek
kolacı	noun	kola	actor_ci
kolalayış	noun	kola	applicative_le nounifier_iş
kolayca	noun	kolay	relative_ce
kolaycı	noun	kolay	actor_ci
kolaylık	noun	kolay	suitative_lik
kolaylıkla	noun	kolay	suitative_lik confactuous_le
kolcu	noun	kol	actor_ci
koleksiyoncu	noun	koleksiyon	actor_ci
kolesterolsüz	noun	kolesterol	privative_siz
kolla	verb	kol	applicative_le
kollayan	noun	kol	applicative_le factative_en
kollu	noun	kol	compositive_li
kolluk	noun	kol	suitative_lik
kolluklu	noun	kol	suitative_lik compositive_li
koltukla	verb	koltuk	applicative_le
kombinlemek	noun	kombine	applicative_le infinitive_mek
komiklik	noun	komik	suitative_lik
komili	noun	komi	compositive_li
komiserliğinin	noun	komiser	suitative_lik possessive_3sg noun_compound
komisyoncu	noun	komisyon	actor_ci
komisyonumuz	noun	komisyon	possessive_1pl
komplocu	noun	komplo	actor_ci
komutanlık	noun	komutan	suitative_lik
komünistlik	noun	komünist	suitative_lik
komünistliğe	noun	komünist	suitative_lik dative_e
komşuluk	noun	komşu	suitative_lik
konda	noun	kont	dative_e
konfeksiyoncu	noun	konfeksiyon	actor_ci
kongreden	noun	kongre	ablative_den
kongresinde	noun	kongre	possessive_3sg locative_de
konmak	noun	kon	infinitive_mek
konsolosluk	noun	konsolos	suitative_lik
kontenjanlı	noun	kontenjan	compositive_li
kontenjanını	noun	kontenjan	possessive_3sg accusative_i
kontrollü	noun	kontrol	compositive_li
konukla	verb	konuk	applicative_le
konukçu	noun	konuk	actor_ci
konulu	noun	konu	compositive_li
konumla	verb	konum	applicative_le
konusuna	noun	konu	possessive_3sg dative_e
konusunda	noun	konu	possessive_3sg locative_de
konuş	noun	kon	nounifier_iş
konuş	verb	kon	reflexive_is
konuşan	noun	kon	reflexive_is factative_en
konuşlan	verb	kon	nounifier_iş applicative_le reflexive_in
konuşma	noun	kon	reflexive_is infinitive_me
konuşmacı	noun	kon	reflexive_is infinitive_me actor_ci
konuşmacıya	noun	kon	reflexive_is infinitive_me actor_ci dative_e
konuşmak	noun	kon	reflexive_is infinitive_mek
konuşmalı	noun	kon	reflexive_is infinitive_me compositive_li
konuşup	noun	kon	reflexive_is adverbial_ip
konyalı	noun	konya	compositive_li
kooperatifçi	noun	kooperatif	actor_ci
koordinatörlük	noun	koordinatör	suitative_lik
koordinesiz	noun	koordine	privative_siz
kopan	noun	kop	factative_en
kopar	verb	kop	active_er
koparma	noun	kop	active_er infinitive_me
koparıp	noun	kop	active_er adverbial_ip
kopmak	noun	kop	infinitive_mek
kopup	noun	kop	adverbial_ip
kopuş	noun	kop	nounifier_iş
kopyacı	noun	kopya	actor_ci
kopyala	verb	kopya	applicative_le
koreli	noun	kore	compositive_li
korgenerallik	noun	korgeneral	suitative_lik
korka	noun	kork	adverbial_e
korkan	noun	kork	factative_en
korkar	noun	kork	factative_ir
korkmak	noun	kork	infinitive_mek
korkulu	noun	korku	compositive_li
korkuluk	noun	korku	suitative_lik
korkusuz	noun	korku	privative_siz
korkut	verb	kork	active_it
korkutmak	noun	kork	active_it infinitive_mek
korsanlık	noun	korsan	suitative_lik
kortlar	noun	kort	applicative_le factative_ir
korucu	noun	koru	actor_ci
koruculuk	noun	koru	actor_ci suitative_lik
koruluk	noun	koru	suitative_lik
koruma	noun	koru	infinitive_me
koruma	verb	koru	negative_me
korumacı	noun	koru	infinitive_me actor_ci
korumak	noun	koru	infinitive_mek
korumlarıyla	noun	koru	nounifier_im possessive_3pl confactuous_le
korun	noun	koru	possessive_2sg
korun	verb	koru	reflexive_in
korunmak	noun	koru	passive_il infinitive_mek
koruyup	noun	koru	adverbial_ip
kostümcü	noun	kostüm	actor_ci
kovalamak	noun	kovala	infinitive_mek
kovboyculuk	noun	kovboy	actor_ci suitative_lik
kovcu	noun	kov	actor_ci
kovma	noun	kov	infinitive_me
kovmak	noun	kov	infinitive_mek
kovuş	noun	kov	nounifier_iş
kovuştur	verb	kov	reflexive_is active_dir
kovuşturma	noun	kov	reflexive_is active_dir infinitive_me
koyacak	noun	koy	nounifier_ecek
koyan	noun	koy	factative_en
koyar	noun	koy	factative_ir
koyma	noun	koy	infinitive_me
koymak	noun	koy	infinitive_mek
koyuncu	noun	koy	ordinal_inci
koyunlu	noun	koyun	compositive_li
koyup	noun	koy	adverbial_ip
koçum	noun	koç	possessive_1sg
koğuş	noun	kok	nounifier_iş
koşa	noun	koş	adverbial_e
koşar	noun	koş	factative_ir
koşma	noun	koş	infinitive_me
koşmak	noun	koş	infinitive_mek
koşulla	verb	koşul	applicative_le
koşup	noun	koş	adverbial_ip
koşutçuluk	noun	koşut	actor_ci suitative_lik
koşuş	verb	koş	reflexive_is
koşuşmak	noun	koş	reflexive_is infinitive_mek
kralcı	noun	kral	actor_ci
krallık	noun	kral	suitative_lik
krallığı	noun	kral	suitative_lik possessive_3sg
kralı	noun	kral	possessive_3sg
kralım	noun	kral	possessive_1sg
kremalı	noun	krema	compositive_li
kremle	verb	krem	applicative_le
kristalleşip	noun	kristal	applicative_le reflexive_is adverbial_ip
krize	noun	kriz	dative_e
krizin	noun	kriz	noun_compound
krizle	noun	kriz	confactuous_le
kuba	noun	kup	dative_e
kucakla	verb	kucak	applicative_le
kucaklayış	noun	kucak	applicative_le nounifier_iş
kucaklaş	verb	kucak	applicative_le reflexive_is
kucaklaşmalı	noun	kucak	applicative_le reflexive_is infinitive_me compositive_li
kudretli	noun	kudret	compositive_li
kudun	noun	kut	possessive_2sg
kuklacı	noun	kukla	actor_ci
kulaksız	noun	kulak	privative_siz
kulaktan	noun	kulak	ablative_den
kuleli	noun	kule	compositive_li
kullan	verb	kul	applicative_le reflexive_in
kullanma	noun	kul	applicative_le reflexive_in infinitive_me
kullanmak	noun	kul	applicative_le reflexive_in infinitive_mek
kullanılmış	noun	kul	applicative_le reflexive_in passive_il pastfactative_miş
kullanım	noun	kul	applicative_le reflexive_in nounifier_im
kullanımı	noun	kul	applicative_le reflexive_in nounifier_im possessive_3sg
kullanıp	noun	kul	applicative_le reflexive_in adverbial_ip
kullanışlı	noun	kul	applicative_le reflexive_in nounifier_iş compositive_li
kullukçu	noun	kul	suitative_lik actor_ci
kumandalı	noun	kumanda	compositive_li
kumarcı	noun	kumar	actor_ci
kumarhaneci	noun	kumarhane	actor_ci
kumaşçılık	noun	kumaş	actor_ci suitative_lik
kumcu	noun	kum	actor_ci
kumrucu	noun	kumru	actor_ci
kuracı	noun	kura	actor_ci
kuralcı	noun	kural	actor_ci
kuramcı	noun	kuram	actor_ci
kuran	noun	kur	factative_en
kurana	noun	kur	factative_en dative_e
kuranda	noun	kur	factative_en locative_de
kurandan	noun	kur	factative_en ablative_den
kurdu	noun	kur	pasttense_di
kurdurt	verb	kur	active_dir active_it
kurdurtmak	noun	kur	active_dir active_it infinitive_mek
kurgu	noun	kur	nounifier_gi
kurgula	verb	kur	nounifier_gi applicative_le
kurgulu	noun	kur	nounifier_gi compositive_li
kurma	noun	kur	infinitive_me
kurmak	noun	kur	infinitive_mek
kurmanının	noun	kur	infinitive_me noun_compound conjugation_2sg
kurtacağ	noun	kur	active_it nounifier_ecek
kurtaran	noun	kurtar	factative_en
kurtarma	noun	kurtar	infinitive_me
kurtarmak	noun	kurtar	infinitive_mek
kurtarıp	noun	kurtar	adverbial_ip
kurtulmak	noun	kurtul	infinitive_mek
kurtuluş	noun	kurtul	nounifier_iş
kurucu	noun	kuru	actor_ci
kuruculuk	noun	kuru	actor_ci suitative_lik
kurulu	noun	kurul	possessive_3sg
kuruluk	noun	kuru	suitative_lik
kurulum	noun	kur	passive_il nounifier_im
kuruluş	noun	kur	passive_il nounifier_iş
kuruluşunan	noun	kur	passive_il reflexive_is reflexive_in factative_en
kurum	noun	kur	nounifier_im
kurumak	noun	kuru	infinitive_mek
kurumu	noun	kur	nounifier_im possessive_3sg
kurup	noun	kur	adverbial_ip
kurut	verb	kuru	active_it
kurutmak	noun	kur	active_it infinitive_mek
kurutuş	noun	kur	active_it nounifier_iş
kuruş	noun	kur	nounifier_iş
kuruşluk	noun	kur	nounifier_iş suitative_lik
kurşuncu	noun	kurşun	actor_ci
kurşunla	verb	kurşun	applicative_le
kurşunsuz	noun	kurşun	privative_siz
kusan	noun	kus	factative_en
kusma	noun	kus	infinitive_me
kusmak	noun	kus	infinitive_mek
kussan	noun	kus	factative_en
kustur	verb	kus	active_dir
kusturmak	noun	kus	active_dir infinitive_mek
kusturuş	noun	kus	active_dir nounifier_iş
kusursuz	noun	kusur	privative_siz
kutla	verb	kut	applicative_le
kutlama	noun	kut	applicative_le infinitive_me
kutlamak	noun	kut	applicative_le infinitive_mek
kutlayış	noun	kut	applicative_le nounifier_iş
kutlu	noun	kut	compositive_li
kutlular	noun	kut	compositive_li applicative_le factative_ir
kutluğ	noun	kut	suitative_lik
kutsallık	noun	kutsal	suitative_lik
kutsama	noun	kutsa	infinitive_me
kutuculuk	noun	kutu	actor_ci suitative_lik
kutulayış	noun	kutu	applicative_le nounifier_iş
kutuplaşma	noun	kutup	applicative_le reflexive_is infinitive_me
kutuplu	noun	kutup	compositive_li
kuvvetlendiriş	noun	kuvvet	applicative_le reflexive_in active_dir nounifier_iş
kuvvetli	noun	kuvvet	compositive_li
kuyrukla	verb	kuyruk	applicative_le
kuyruklu	noun	kuyruk	compositive_li
kuzenim	noun	kuzen	possessive_1sg
kuzeybatılı	noun	kuzeybatı	compositive_li
kuzeyli	noun	kuzey	compositive_li
kuzulu	noun	kuzu	compositive_li
kuşada	noun	kuşat	adverbial_e
kuşatma	noun	kuşat	infinitive_me
kuşatmak	noun	kuşat	infinitive_mek
kuşkucu	noun	kuşku	actor_ci
kuşkulanmak	noun	kuşku	applicative_le reflexive_in infinitive_mek
kuşkusuz	noun	kuşku	privative_siz
kuşlar	noun	kuş	plural_ler
kuşluk	noun	kuş	suitative_lik
kuşu	noun	kuş	possessive_3sg
kuşçu	noun	kuş	actor_ci
köfteci	noun	köfte	actor_ci
köftelik	noun	köfte	suitative_lik
köhnemek	noun	köhne	infinitive_mek
kökenli	noun	köken	compositive_li
köklendiriş	noun	kök	applicative_le reflexive_in active_dir nounifier_iş
köklü	noun	kök	compositive_li
köktenci	noun	kökten	actor_ci
köktencilik	noun	kökten	actor_ci suitative_lik
kökü	noun	kök	possessive_3sg
köleci	noun	köle	actor_ci
kölelik	noun	köle	suitative_lik
köln	noun	köle	possessive_2sg
kömürcü	noun	kömür	actor_ci
kömürü	noun	kömür	possessive_3sg
köpekleşiş	noun	köpek	applicative_le reflexive_is nounifier_iş
köprücü	noun	köprü	actor_ci
köprülü	noun	köprü	compositive_li
köpüre	noun	köpür	adverbial_e
köpürmek	noun	köpür	infinitive_mek
köpürt	verb	köpür	active_it
köpürtmek	noun	köpür	active_it infinitive_mek
köpürtüş	noun	köpür	active_it nounifier_iş
köpürüp	noun	köpür	adverbial_ip
köpürüş	noun	köpür	nounifier_iş
körelmek	noun	körel	infinitive_mek
körelt	verb	körel	active_it
körletiş	noun	kör	applicative_le active_it nounifier_iş
körükle	verb	körük	applicative_le
kötüle	verb	kötü	applicative_le
kötüleyiş	noun	kötü	applicative_le nounifier_iş
kötülük	noun	kötü	suitative_lik
kötülükçü	noun	kötü	suitative_lik actor_ci
köycü	noun	köy	actor_ci
köydür	noun	köy	nounaorist_dir
köylü	noun	köy	compositive_li
közle	noun	köz	confactuous_le
közle	verb	köz	applicative_le
kübalı	noun	küba	compositive_li
küflülük	noun	küf	compositive_li suitative_lik
küfretmek	noun	küfret	infinitive_mek
küfürdür	noun	küfür	nounaorist_dir
kükremek	noun	kükre	infinitive_mek
külle	verb	kül	applicative_le
küllük	noun	kül	suitative_lik
kültürlü	noun	kültür	compositive_li
kümele	verb	küme	applicative_le
küpeli	noun	küpe	compositive_li
küremek	noun	küre	infinitive_mek
küreselleşme	noun	küresel	applicative_le reflexive_is infinitive_me
kürkçü	noun	kürk	actor_ci
kürtajcı	noun	kürtaj	actor_ci
kürtçülükten	noun	kürt	actor_ci suitative_lik ablative_den
küsmek	noun	küs	infinitive_mek
küstür	verb	küs	active_dir
küstürmek	noun	küs	active_dir infinitive_mek
küsüz	noun	küs	conjugation_1pl
küsüş	verb	küs	reflexive_is
küsüşmek	noun	küs	reflexive_is infinitive_mek
kütüphaneci	noun	kütüphane	actor_ci
küçükken	noun	küçük	when_ken
küçükler	noun	küçük	plural_ler
küçülme	noun	küçül	infinitive_me
küçülmek	noun	küçül	infinitive_mek
küçült	verb	küçül	active_it
küçümsemek	noun	küçümse	infinitive_mek
küçümsen	verb	küçümse	reflexive_in
küçümsenmek	noun	küçümse	reflexive_in infinitive_mek
kıbrısla	noun	kıbrıs	confactuous_le
kıbrıslı	noun	kıbrıs	compositive_li
kılar	noun	kıl	factative_ir
kıldırtma	noun	kıl	active_dir active_it infinitive_me
kılmak	noun	kıl	infinitive_mek
kılıklı	noun	kılık	compositive_li
kılınış	noun	kıl	reflexive_in nounifier_iş
kılıçlayış	noun	kılıç	applicative_le nounifier_iş
kımıldan	verb	kımılda	reflexive_in
kımıldanmak	noun	kımılda	reflexive_in infinitive_mek
kımıldat	verb	kımılda	active_it
kımıldatmak	noun	kımılda	active_it infinitive_mek
kımıldayış	noun	kımılda	nounifier_iş
kınalı	noun	kına	compositive_li
kınamak	noun	kına	infinitive_mek
kınan	verb	kına	reflexive_in
kınanmak	noun	kına	reflexive_in infinitive_mek
kıpırdan	verb	kıpırda	reflexive_in
kıpırdanmak	noun	kıpırda	reflexive_in infinitive_mek
kıpırdat	verb	kıpırda	active_it
kıpırdatmak	noun	kıpırda	active_it infinitive_mek
kıpırdaş	verb	kıpırda	reflexive_is
kıpırdaşmak	noun	kıpırda	reflexive_is infinitive_mek
kıpırtısız	noun	kıpırtı	privative_siz
kıraathaneci	noun	kıraathane	actor_ci
kırbacıyla	noun	kırbaç	possessive_3sg confactuous_le
kırcı	noun	kır	actor_ci
kırdan	noun	kır	ablative_den
kırdırt	verb	kır	active_dir active_it
kırdırtmak	noun	kır	active_dir active_it infinitive_mek
kırgınlıkla	noun	kırgın	suitative_lik confactuous_le
kırlı	noun	kır	compositive_li
kırlık	noun	kır	suitative_lik
kırma	noun	kır	infinitive_me
kırmızılı	noun	kırmızı	compositive_li
kırmızılılarda	noun	kırmızı	compositive_li applicative_le factative_ir locative_de
kırmızılıların	noun	kırmızı	compositive_li plural_ler noun_compound
kırpmak	noun	kırp	infinitive_mek
kırpıp	noun	kırp	adverbial_ip
kırpış	verb	kırp	reflexive_is
kırtasiyeci	noun	kırtasiye	actor_ci
kırıtmak	noun	kırıt	infinitive_mek
kırış	verb	kır	reflexive_is
kısaca	noun	kısa	relative_ce
kısacası	noun	kısa	relative_ce possessive_3sg
kısalmak	noun	kısal	infinitive_mek
kıskanclığı	noun	kıskanç	suitative_lik possessive_3sg
kıskanmak	noun	kıskan	infinitive_mek
kısmak	noun	kıs	infinitive_mek
kısıtla	noun	kısıt	confactuous_le
kısıtla	verb	kısıt	applicative_le
kısıtlayış	noun	kısıt	applicative_le nounifier_iş
kısıtlı	noun	kısıt	compositive_li
kıvançsız	noun	kıvanç	privative_siz
kıvranmak	noun	kıvran	infinitive_mek
kıvrıl	verb	kıvır	passive_il
kıvrılış	noun	kıvır	passive_il nounifier_iş
kıvılcımla	verb	kıvılcım	applicative_le
kıvırmak	noun	kıvır	infinitive_mek
kıvırt	verb	kıvır	active_it
kıvırtmak	noun	kıvır	active_it infinitive_mek
kıyasla	verb	kıyas	applicative_le
kıyasıya	noun	kıy	willing_esi dative_e
kıyma	noun	kıy	infinitive_me
kıymak	noun	kıy	infinitive_mek
kıymetli	noun	kıymet	compositive_li
kıyıp	noun	kıy	adverbial_ip
kızan	noun	kız	factative_en
kızar	verb	kız	active_er
kızarma	noun	kız	active_er infinitive_me
kızartıcı	noun	kızartı	actor_ci
kızarış	noun	kız	active_er nounifier_iş
kızdı	noun	kız	pasttense_di
kızgınlık	noun	kızgın	suitative_lik
kızlarımız	noun	kız	plural_ler possessive_1pl
kızlı	noun	kız	compositive_li
kızlık	noun	kız	suitative_lik
kızmak	noun	kız	infinitive_mek
kızılış	noun	kız	passive_il nounifier_iş
kızım	noun	kız	nounifier_im
kızış	verb	kız	reflexive_is
kızıştırış	noun	kız	reflexive_is active_dir nounifier_iş
kışkırtma	noun	kışkırt	infinitive_me
kışkırtmak	noun	kışkırt	infinitive_mek
kışkırtıcı	noun	kışkırtı	actor_ci
kışla	verb	kış	applicative_le
kışlık	noun	kış	suitative_lik
lacivertli	noun	lacivert	compositive_li
lacivertlilerde	noun	lacivert	compositive_li applicative_le factative_ir locative_de
lacivertlilerin	noun	lacivert	compositive_li plural_ler possessive_2sg
lada	noun	la	locative_de
lafla	verb	laf	applicative_le
lahmacuncu	noun	lahmacun	actor_ci
lahti	noun	lahit	possessive_3sg
laiklik	noun	laik	suitative_lik
laikliğe	noun	laik	suitative_lik dative_e
laiktir	noun	laik	nounaorist_dir
laka	noun	lak	dative_e
laleli	noun	lale	compositive_li
laleyle	noun	lale	confactuous_le
lan	noun	la	possessive_2sg
lanetle	verb	lanet	applicative_le
latifeci	noun	latife	actor_ci
layıkı	noun	layık	possessive_3sg
layıkıyla	noun	layık	possessive_3sg confactuous_le
lazımdır	noun	lazım	nounaorist_dir
lağımcı	noun	lağım	actor_ci
leblebici	noun	leblebi	actor_ci
legalleştirme	noun	legal	applicative_le reflexive_is active_dir infinitive_me
lehine	noun	leh	possessive_3sg dative_e
lejandlar	noun	lejant	applicative_le factative_ir
lekeci	noun	leke	actor_ci
lekele	verb	leke	applicative_le
lekesiz	noun	leke	privative_siz
lepe	noun	lep	dative_e
levhacı	noun	levha	actor_ci
leydi	noun	ley	pasttense_noundi
lezzetli	noun	lezzet	compositive_li
lezzetsiz	noun	lezzet	privative_siz
liberallik	noun	liberal	suitative_lik
liberoya	noun	libero	dative_e
liceli	noun	lice	compositive_li
liceliler	noun	lice	compositive_li applicative_le factative_ir
licelileri	noun	lice	compositive_li possessive_3pl
liderlik	noun	lider	suitative_lik
life	noun	lif	dative_e
limana	noun	liman	dative_e
limanın	noun	liman	noun_compound
limoncu	noun	limon	actor_ci
liralık	noun	lira	suitative_lik
liseli	noun	lise	compositive_li
listeci	noun	liste	actor_ci
listele	verb	liste	applicative_le
lobici	noun	lobi	actor_ci
lobicilik	noun	lobi	actor_ci suitative_lik
lokaliz	noun	lokal	conjugation_1pl
lokantacı	noun	lokanta	actor_ci
lora	noun	lor	dative_e
lordlar	noun	lord	plural_ler
lübnanlaştırılmaktadır	noun	lübnan	applicative_le reflexive_is active_dir passive_il infinitive_mek locative_de nounaorist_dir
lüzumlu	noun	lüzum	compositive_li
lüzumsuz	noun	lüzum	privative_siz
mabetler	noun	mabet	plural_ler
maceracı	noun	macera	actor_ci
macuncu	noun	macun	actor_ci
maddeci	noun	madde	actor_ci
madenci	noun	maden	actor_ci
madencilik	noun	maden	actor_ci suitative_lik
madeni	noun	maden	possessive_3sg
mafyacı	noun	mafya	actor_ci
mahalleli	noun	mahalle	compositive_li
mahkemye	noun	mahkeme	dative_e
mahvetmek	noun	mahvet	infinitive_mek
mahvolmak	noun	mahvol	infinitive_mek
makarnacı	noun	makarna	actor_ci
makbuldür	noun	makbul	nounaorist_dir
makbule	noun	makbul	dative_e
makineci	noun	makine	actor_ci
makineli	noun	makine	compositive_li
makinesi	noun	makine	possessive_3sg
maksatlı	noun	maksat	compositive_li
maksim	noun	maksi	possessive_1sg
maksudu	noun	maksut	possessive_3sg
makyajcı	noun	makyaj	actor_ci
malakka	noun	malak	dative_e
malatyalı	noun	malatya	compositive_li
malezyalı	noun	malezya	compositive_li
maliyeci	noun	maliye	actor_ci
malki	noun	malik	possessive_3sg
malle	noun	malul	dative_e
malullük	noun	malul	suitative_lik
malı	noun	mal	possessive_3sg
mamma	noun	mam	dative_e
manasız	noun	mana	privative_siz
mandacı	noun	manda	actor_ci
mandalla	verb	mandal	applicative_le
manici	noun	mani	actor_ci
manisalı	noun	manisa	compositive_li
mansız	noun	man	privative_siz
mantarcı	noun	mantar	actor_ci
mantıcı	noun	mantı	actor_ci
mantıklı	noun	mantık	compositive_li
mantıksız	noun	mantık	privative_siz
manzaralı	noun	manzara	compositive_li
maratoncu	noun	maraton	actor_ci
mareşallik	noun	mareşal	suitative_lik
marifetiyle	noun	marifet	possessive_3sg confactuous_le
marjinallik	noun	marjinal	suitative_lik
markacı	noun	marka	actor_ci
markajcı	noun	markaj	actor_ci
markala	verb	marka	applicative_le
markalı	noun	marka	compositive_li
marketteki	noun	market	locative_de marking_ki
marklık	noun	mark	suitative_lik
marulcu	noun	marul	actor_ci
masajcı	noun	masaj	actor_ci
masalcı	noun	masal	actor_ci
masalı	noun	masa	compositive_li
maskele	verb	maske	applicative_le
maskeli	noun	maske	compositive_li
masonluk	noun	mason	suitative_lik
masonluğa	noun	mason	suitative_lik dative_e
masraflı	noun	masraf	compositive_li
mataracı	noun	matara	actor_ci
matbaacı	noun	matbaa	actor_ci
matematiksel	noun	matematik	relative_sel
matematikçi	noun	matematik	actor_ci
mavili	noun	mavi	compositive_li
mavilik	noun	mavi	suitative_lik
mavililere	noun	mavi	compositive_li applicative_le active_er adverbial_e
mavililerin	noun	mavi	compositive_li plural_ler possessive_2sg
mayala	verb	maya	applicative_le
mayocu	noun	mayo	actor_ci
mayınla	verb	mayın	applicative_le
maçlık	noun	maç	suitative_lik
mağazacı	noun	mağaza	actor_ci
mağazalı	noun	mağaza	compositive_li
maşacı	noun	maşa	actor_ci
mecalsiz	noun	mecal	privative_siz
meclisteki	noun	meclis	locative_de marking_ki
medenici	noun	medeni	actor_ci
medyacı	noun	medya	actor_ci
medyalamacılık	noun	medya	applicative_le infinitive_me actor_ci suitative_lik
mefle	noun	meful	dative_e
mekancı	noun	mekan	actor_ci
mekke	noun	mekik	dative_e
mektubu	noun	mektup	possessive_3sg
mektuptadır	noun	mektup	locative_de nounaorist_dir
melikesinin	noun	melike	possessive_3sg noun_compound
memnuniyetle	noun	memnuniyet	confactuous_le
memnuniyetsizlik	noun	memnuniyet	privative_siz suitative_lik
memnunum	noun	memnun	conjugation_1sg
memurlar	noun	memur	plural_ler
menevşe	noun	meneviş	dative_e
mensuptur	noun	mensup	nounaorist_dir
menzilci	noun	menzil	actor_ci
menzile	noun	menzil	dative_e
meraklı	noun	merak	compositive_li
mercancı	noun	mercan	actor_ci
merdivenci	noun	merdiven	actor_ci
merhametli	noun	merhamet	compositive_li
merkezci	noun	merkez	actor_ci
merkezi	noun	merkez	possessive_3sg
mermerci	noun	mermer	actor_ci
mertlik	noun	mert	suitative_lik
mesafeli	noun	mesafe	compositive_li
mesudiyeli	noun	mesudiye	compositive_li
metelik	noun	mete	suitative_lik
metinle	noun	metin	confactuous_le
metinli	noun	metin	compositive_li
metrajlı	noun	metraj	compositive_li
metrelik	noun	metre	suitative_lik
metroseksüellik	noun	metroseksüel	suitative_lik
metroseksüelsiz	noun	metroseksüel	privative_siz
mevlevilik	noun	mevlevi	suitative_lik
mevsimlik	noun	mevsim	suitative_lik
meydancı	noun	meydan	actor_ci
meydanda	noun	meydan	locative_de
meyhaneci	noun	meyhane	actor_ci
meysu	noun	meyus	possessive_3sg
meyveci	noun	meyve	actor_ci
mezarcı	noun	mezar	actor_ci
mezarlık	noun	mezar	suitative_lik
mezeci	noun	meze	actor_ci
meşrulaştırma	noun	meşru	applicative_le reflexive_is active_dir infinitive_me
meşruluk	noun	meşru	suitative_lik
miamili	noun	miami	compositive_li
middle	noun	mit	confactuous_le
mideci	noun	mide	actor_ci
mikale	noun	mikail	dative_e
mikrofona	noun	mikrofon	dative_e
mikrofoncu	noun	mikrofon	actor_ci
milletçe	noun	millet	relative_ce
milliyetçi	noun	milliyet	actor_ci
milliyetçilik	noun	milliyet	actor_ci suitative_lik
milyarlık	noun	milyar	suitative_lik
milyonlarca	noun	milyon	plural_ler relative_ce
milyonluk	noun	milyon	suitative_lik
mimarlık	noun	mimar	suitative_lik
minareci	noun	minare	actor_ci
mineci	noun	mine	actor_ci
minibüsçülük	noun	minibüs	actor_ci suitative_lik
minyatürcü	noun	minyatür	actor_ci
miranda	noun	mira	possessive_2sg locative_de
mirasçı	noun	miras	actor_ci
misafirliğe	noun	misafir	suitative_lik dative_e
misilleme	noun	misil	applicative_le infinitive_me
mitingci	noun	miting	actor_ci
mobile	noun	mobil	dative_e
mobilyalı	noun	mobilya	compositive_li
mobilyasız	noun	mobilya	privative_siz
modacı	noun	moda	actor_ci
modeldir	noun	model	nounaorist_dir
modelle	verb	model	applicative_le
modellik	noun	model	suitative_lik
modernleşme	noun	modern	applicative_le reflexive_is infinitive_me
montajcı	noun	montaj	actor_ci
morarma	noun	morar	infinitive_me
morarmak	noun	morar	infinitive_mek
morart	verb	morar	active_it
morartmak	noun	morar	active_it infinitive_mek
morlu	noun	mor	compositive_li
motelci	noun	motel	actor_ci
motorcu	noun	motor	actor_ci
motorlu	noun	motor	compositive_li
muayeneci	noun	muayene	actor_ci
muhallebici	noun	muhallebi	actor_ci
muhasebeci	noun	muhasebe	actor_ci
muhiddin	noun	muhit	possessive_2sg
muhteşemdi	noun	muhteşem	pasttense_noundi
mukabeleci	noun	mukabele	actor_ci
mumluk	noun	mum	suitative_lik
mursi	noun	muris	possessive_3sg
muta	noun	mut	dative_e
mutlu	noun	mut	compositive_li
mutluluk	noun	mut	compositive_li suitative_lik
mutsuz	noun	mut	privative_siz
mutsuzluk	noun	mut	privative_siz suitative_lik
mutu	noun	mut	possessive_3sg
mutçuluk	noun	mut	actor_ci suitative_lik
muşlular	noun	muş	compositive_li applicative_le factative_ir
mücadeleci	noun	mücadele	actor_ci
mücevherci	noun	mücevher	actor_ci
müddetçe	noun	müddet	relative_ce
müdürlük	noun	müdür	suitative_lik
müdürümüz	noun	müdür	possessive_1pl
müdürünü	noun	müdür	possessive_3sg accusative_i
müfide	noun	müfit	dative_e
müfredatlı	noun	müfredat	compositive_li
müftülük	noun	müftü	suitative_lik
mühendislik	noun	mühendis	suitative_lik
mühendisliğ	noun	mühendis	suitative_lik
mühürcü	noun	mühür	actor_ci
mühürle	verb	mühür	applicative_le
müjdeci	noun	müjde	actor_ci
müjdele	verb	müjde	applicative_le
müjdem	noun	müjde	possessive_1sg
mükemmellik	noun	mükemmel	suitative_lik
münasebetiyle	noun	münasebet	possessive_3sg confactuous_le
münasebetsizliğe	noun	münasebet	privative_siz suitative_lik dative_e
münferitlik	noun	münferit	suitative_lik
müsade	noun	müsait	dative_e
müslümanlık	noun	müslüman	suitative_lik
müslümanın	noun	müslüman	noun_compound
müsteşarlığı	noun	müsteşar	suitative_lik possessive_3sg
müsteşarlığına	noun	müsteşar	suitative_lik possessive_3sg dative_e
müsteşarlığının	noun	müsteşar	suitative_lik possessive_3sg noun_compound
müteahhitlik	noun	müteahhit	suitative_lik
müttefiği	noun	müttefik	possessive_3sg
müzakereci	noun	müzakere	actor_ci
müzeci	noun	müze	actor_ci
müziğin	noun	müzik	noun_compound
müçtehidler	noun	müçtehit	applicative_le factative_ir
müşavirliğinden	noun	müşavir	suitative_lik possessive_3sg ablative_den
müşavirliğinin	noun	müşavir	suitative_lik possessive_3sg noun_compound
mırıldan	verb	mırılda	passive_il
mırıldanmak	noun	mırılda	passive_il infinitive_mek
mısırcı	noun	mısır	actor_ci
mısırlı	noun	mısır	compositive_li
mısırlılar	noun	mısır	compositive_li applicative_le factative_ir
nakdi	noun	nakit	accusative_i
nakledil	verb	naklet	passive_il
nakledilmek	noun	naklet	passive_il infinitive_mek
nakliyeci	noun	nakliye	actor_ci
nakte	noun	nakit	dative_e
nakti	noun	nakit	possessive_3sg
nakşa	noun	nakış	dative_e
nakşibendilik	noun	nakşibendi	suitative_lik
nalla	verb	nal	applicative_le
namazcı	noun	namaz	actor_ci
nangim	noun	nanik	possessive_1sg
nankörlük	noun	nankör	suitative_lik
nazilik	noun	nazi	suitative_lik
nazlan	verb	naz	applicative_le reflexive_in
nazlı	noun	naz	compositive_li
nedeniyle	noun	neden	possessive_3sg confactuous_le
nedenli	noun	neden	compositive_li
nedense	noun	neden	if_se
nedensiz	noun	neden	privative_siz
nefesle	verb	nefes	applicative_le
nefse	noun	nefis	dative_e
nefsimize	noun	nefis	possessive_1pl dative_e
nemli	noun	nem	compositive_li
nemliydi	noun	nem	compositive_li pasttense_noundi
nerdeyse	noun	nere	locative_de if_se
neredeyse	noun	nere	locative_de if_se
nereli	noun	nere	compositive_li
nesebi	noun	nesep	possessive_3sg
nesli	noun	nesil	possessive_3sg
nesnelci	noun	nesnel	actor_ci
nesrin	noun	nesir	possessive_2sg
neticelen	verb	netice	applicative_le reflexive_in
nevde	noun	nev	locative_de
nevri	noun	nevir	possessive_3sg
nevşehirli	noun	nevşehir	compositive_li
neyle	verb	ney	applicative_le
neyse	noun	ne	if_se
nezdinden	noun	nezdinde	possessive_2sg
neşelen	verb	neşe	applicative_le reflexive_in
neşelendi	noun	neşe	applicative_le passive_il pasttense_di
neşeli	noun	neşe	compositive_li
niceden	noun	nice	ablative_den
niceleyiş	noun	nice	applicative_le nounifier_iş
nicelik	noun	nice	suitative_lik
nicem	noun	nice	possessive_1sg
nihaventten	noun	nihavent	ablative_den
nihayetinde	noun	nihayet	possessive_3sg locative_de
nikahla	verb	nikah	applicative_le
nikahlayış	noun	nikah	applicative_le nounifier_iş
nitelen	verb	nitele	reflexive_in
nitelendirilmek	noun	nitele	reflexive_in active_dir passive_il infinitive_mek
niteleyiş	noun	nitele	nounifier_iş
nitelikli	noun	nitelik	compositive_li
niyeyse	noun	niye	if_se
nizn	noun	niza	possessive_2sg
nişancı	noun	nişan	actor_ci
nişanla	verb	nişan	applicative_le
nişanlı	noun	nişan	compositive_li
noda	noun	not	dative_e
noksanlı	noun	noksan	compositive_li
noktacı	noun	nokta	actor_ci
noktada	noun	nokta	locative_de
noktala	verb	nokta	applicative_le
noktalayış	noun	nokta	applicative_le nounifier_iş
noktalı	noun	nokta	compositive_li
normallik	noun	normal	suitative_lik
norveçli	noun	norveç	compositive_li
norveçlilerden	noun	norveç	compositive_li applicative_le factative_ir ablative_den
noterliğindeki	noun	noter	suitative_lik possessive_3sg locative_de marking_ki
numaracı	noun	numara	actor_ci
numaralayış	noun	numara	applicative_le nounifier_iş
numaralı	noun	numara	compositive_li
nurcu	noun	nur	actor_ci
nurdan	noun	nur	ablative_den
nurlu	noun	nur	compositive_li
nutku	noun	nutuk	possessive_3sg
nöbetçi	noun	nöbet	actor_ci
nüfuslu	noun	nüfus	compositive_li
nükteci	noun	nükte	actor_ci
nün	noun	nü	possessive_2sg
obama	noun	oba	possessive_1sg dative_e
obda	noun	oba	locative_de
objektiflik	noun	objektif	suitative_lik
ocaklı	noun	ocak	compositive_li
odacı	noun	oda	actor_ci
odadan	noun	oda	ablative_den
odakla	verb	odak	applicative_le
odaklı	noun	odak	compositive_li
odalı	noun	oda	compositive_li
odalık	noun	oda	suitative_lik
odamda	noun	oda	possessive_1sg locative_de
oduncu	noun	odun	actor_ci
oka	noun	ok	dative_e
okuldur	noun	okul	nounaorist_dir
okulsuz	noun	okul	privative_siz
okulu	noun	okul	possessive_3sg
okulunu	noun	okul	possessive_3sg accusative_i
okuma	noun	oku	infinitive_me
okumak	noun	oku	infinitive_mek
okumuş	noun	oku	pastfactative_miş
okun	verb	oku	reflexive_in
okunmak	noun	oku	reflexive_in infinitive_mek
okunuş	noun	oku	reflexive_in nounifier_iş
okur	noun	oku	factative_ir
okurken	noun	oku	factative_ir when_ken
okut	verb	oku	active_it
okutan	noun	oku	active_it factative_en
okutmak	noun	oku	active_it infinitive_mek
okuttur	verb	oku	active_it active_dir
okutturmak	noun	oku	active_it active_dir infinitive_mek
okutuş	noun	oku	active_it nounifier_iş
okuyan	noun	oku	factative_en
okuyunca	noun	oku	adverbial_ince
okuyup	noun	oku	adverbial_ip
okçu	noun	ok	actor_ci
okşamak	noun	okşa	infinitive_mek
okşan	verb	okşa	reflexive_in
okşanmak	noun	okşa	reflexive_in infinitive_mek
okşat	verb	okşa	active_it
okşatmak	noun	okşa	active_it infinitive_mek
olabilir	noun	ol	possibilitative_ebil factative_ir
olacak	noun	ol	nounifier_ecek
olan	noun	ol	factative_en
olanaksız	noun	olanak	privative_siz
olanaksızdır	noun	olanak	privative_siz nounaorist_dir
olanlarda	noun	ol	factative_en applicative_le factative_ir locative_de
olarak	noun	ol	adverbial_erek
olası	noun	ol	willing_esi
olasılık	noun	ol	willing_esi suitative_lik
oldu	noun	ol	pasttense_di
olimpiyatı	noun	olimpiyat	possessive_3sg
olma	noun	ol	infinitive_me
olmak	noun	ol	infinitive_mek
olmalı	noun	ol	infinitive_me compositive_li
olmalıdır	noun	ol	infinitive_me compositive_li nounaorist_dir
olmasa	noun	ol	negative_me wish_suffix
olmasını	noun	ol	infinitive_me possessive_3sg accusative_i
olmaz	noun	ol	negative_me factative_ir
olsa	noun	ol	wish_suffix
olsalar	noun	ol	wish_suffix conjugation_3pl
olsun	noun	ol	conjugation_3sg
olsunlar	noun	ol	conjugation_3pl
oluklu	noun	oluk	compositive_li
olunca	noun	ol	adverbial_ince
olup	noun	ol	adverbial_ip
olur	noun	ol	factative_ir
oluru	noun	ol	factative_ir accusative_i
oluğun	noun	oluk	possessive_2sg
oluş	noun	ol	nounifier_iş
oluş	verb	ol	reflexive_is
oluşan	noun	ol	reflexive_is factative_en
oluşmak	noun	ol	reflexive_is infinitive_mek
oluştur	noun	ol	nounifier_iş nounaorist_dir
oluşum	noun	ol	reflexive_is nounifier_im
oluşumcu	noun	ol	reflexive_is nounifier_im actor_ci
omla	noun	om	confactuous_le
omuzla	verb	omuz	applicative_le
onamak	noun	ona	infinitive_mek
onan	verb	ona	reflexive_in
onanmak	noun	ona	reflexive_in infinitive_mek
onarmak	noun	onar	infinitive_mek
onayla	verb	onay	applicative_le
onayı	noun	onay	possessive_3sg
onaş	verb	ona	reflexive_is
onaşmak	noun	ona	reflexive_is infinitive_mek
ondalıkçı	noun	ondalık	actor_ci
onurlu	noun	onur	compositive_li
operacı	noun	opera	actor_ci
operasyonun	noun	operasyon	noun_compound
operaya	noun	opera	dative_e
oracıkta	noun	ora	diminutive_cik locative_de
oracıktadır	noun	ora	diminutive_cik locative_de nounaorist_dir
oranla	noun	oran	confactuous_le
oranla	verb	oran	applicative_le
oranının	noun	oran	possessive_3sg noun_compound
orducu	noun	ordu	actor_ci
ordusunda	noun	ordu	possessive_3sg locative_de
organizasyonca	noun	organizasyon	relative_ce
orgcu	noun	org	actor_ci
orgenerallik	noun	orgeneral	suitative_lik
orijinallik	noun	orijinal	suitative_lik
orkestracı	noun	orkestra	actor_ci
ormana	noun	orman	dative_e
ormancı	noun	orman	actor_ci
ortada	noun	orta	locative_de
ortaklaşacı	noun	ortaklaşa	actor_ci
ortaklık	noun	ortak	suitative_lik
ortala	verb	orta	applicative_le
ortalama	noun	orta	applicative_le infinitive_me
ortalık	noun	orta	suitative_lik
ortalıkta	noun	orta	suitative_lik locative_de
ortalıkçı	noun	orta	suitative_lik actor_ci
ortamda	noun	ortam	locative_de
orçun	noun	oruç	possessive_2sg
otelci	noun	otel	actor_ci
otelde	noun	otel	locative_de
otele	noun	otel	dative_e
otomobilci	noun	otomobil	actor_ci
otomobile	noun	otomobil	dative_e
oturma	noun	otur	infinitive_me
oturmak	noun	otur	infinitive_mek
oturtma	noun	otur	active_it infinitive_me
oturum	noun	otur	nounifier_im
oturup	noun	otur	adverbial_ip
otuza	noun	otuz	dative_e
otuzdan	noun	otuz	ablative_den
otuzlu	noun	otuz	compositive_li
ovala	verb	ova	applicative_le
ovuşturma	noun	ovuştur	infinitive_me
oyacı	noun	oya	actor_ci
oyla	noun	oy	confactuous_le
oyla	verb	oy	applicative_le
oyma	noun	oy	infinitive_me
oynamak	noun	oyna	infinitive_mek
oynan	verb	oyna	reflexive_in
oynanmak	noun	oyna	reflexive_in infinitive_mek
oynat	verb	oyna	active_it
oynatmak	noun	oyna	active_it infinitive_mek
oynayınca	noun	oyna	adverbial_ince
oynaş	verb	oyna	reflexive_is
oynaşmak	noun	oyna	reflexive_is infinitive_mek
oyuncu	noun	oyun	actor_ci
oyuncuda	noun	oyun	actor_ci locative_de
oyunculuk	noun	oyun	actor_ci suitative_lik
oyunu	noun	oyun	possessive_3sg
oğlancı	noun	oğlan	actor_ci
oğlum	noun	oğul	possessive_1sg
pada	noun	pat	dative_e
pahacı	noun	paha	actor_ci
pahalı	noun	paha	compositive_li
paketle	verb	paket	applicative_le
paketleyip	noun	paket	applicative_le adverbial_ip
paketleyiş	noun	paket	applicative_le nounifier_iş
pakistanlı	noun	pakistan	compositive_li
pakla	verb	pak	applicative_le
paltolu	noun	palto	compositive_li
pamukçu	noun	pamuk	actor_ci
pancarcı	noun	pancar	actor_ci
panikle	verb	panik	applicative_le
pansiyoncu	noun	pansiyon	actor_ci
pantoloncu	noun	pantolon	actor_ci
pantolonlu	noun	pantolon	compositive_li
paracı	noun	para	actor_ci
parada	noun	para	locative_de
parala	verb	para	applicative_le
paralarında	noun	para	possessive_3pl locative_de
paralellik	noun	paralel	suitative_lik
paralı	noun	para	compositive_li
paralık	noun	para	suitative_lik
parasız	noun	para	privative_siz
parfümcü	noun	parfüm	actor_ci
parfümsüz	noun	parfüm	privative_siz
parkeci	noun	parke	actor_ci
parlaktır	noun	parlak	nounaorist_dir
parlayan	noun	parla	factative_en
parlayış	noun	parla	nounifier_iş
parmakla	verb	parmak	applicative_le
parmaklık	noun	parmak	suitative_lik
parmaklıklı	noun	parmak	suitative_lik compositive_li
parsadan	noun	parsa	ablative_den
partici	noun	parti	actor_ci
partili	noun	parti	compositive_li
partizanca	noun	partizan	relative_ce
parçacı	noun	parça	actor_ci
parçala	verb	parça	applicative_le
parçalayıp	noun	parça	applicative_le adverbial_ip
parçalayış	noun	parça	applicative_le nounifier_iş
parıltılı	noun	parıltı	compositive_li
paslaş	verb	pas	applicative_le reflexive_is
pastacı	noun	pasta	actor_ci
pastaneci	noun	pastane	actor_ci
patakla	verb	patak	applicative_le
patla	verb	pat	applicative_le
patlama	noun	pat	applicative_le infinitive_me
patlamının	noun	pat	applicative_le nounifier_im possessive_3sg noun_compound
patlayış	noun	pat	applicative_le nounifier_iş
patroncu	noun	patron	actor_ci
payla	verb	pay	applicative_le
paylaş	verb	pay	applicative_le reflexive_is
paylaşmak	noun	pay	applicative_le reflexive_is infinitive_mek
paylaşım	noun	pay	applicative_le reflexive_is nounifier_im
paylaşıp	noun	pay	applicative_le reflexive_is adverbial_ip
pazarcı	noun	pazar	actor_ci
pazarla	verb	pazar	applicative_le
pazarlama	noun	pazar	applicative_le infinitive_me
pazarlamacı	noun	pazar	applicative_le infinitive_me actor_ci
pazarlık	noun	pazar	suitative_lik
pazarlıklı	noun	pazar	suitative_lik compositive_li
pazarlıkçı	noun	pazar	suitative_lik actor_ci
pazarı	noun	pazar	possessive_3sg
paçacı	noun	paça	actor_ci
paşalık	noun	paşa	suitative_lik
pekmezci	noun	pekmez	actor_ci
pembeleşince	noun	pembe	applicative_le reflexive_is adverbial_ince
pepsi	noun	pepe	possessive_3sg
perakendeci	noun	perakende	actor_ci
perdeci	noun	perde	actor_ci
perdele	verb	perde	applicative_le
perine	noun	peri	possessive_2sg dative_e
perküsyoncu	noun	perküsyon	actor_ci
personelin	noun	personel	noun_compound
pervaneci	noun	pervane	actor_ci
pervasız	noun	perva	privative_siz
petrolcü	noun	petrol	actor_ci
peygamberimizin	noun	peygamber	possessive_1pl noun_compound
peynirci	noun	peynir	actor_ci
peşinatsız	noun	peşinat	privative_siz
peşinde	noun	peş	possessive_3sg locative_de
pideci	noun	pide	actor_ci
pile	noun	pil	dative_e
pireneler	noun	pire	possessive_2sg dative_e conjugation_3pl
piri	noun	pir	possessive_3sg
pirinçli	noun	pirinç	compositive_li
piyangocu	noun	piyango	actor_ci
piyanocu	noun	piyano	actor_ci
piyasacı	noun	piyasa	actor_ci
pizzacı	noun	pizza	actor_ci
pişen	noun	piş	factative_en
pişince	noun	piş	adverbial_ince
pişir	verb	piş	active_ir
pişiriliş	noun	piş	active_ir passive_il nounifier_iş
pişirme	noun	piş	active_ir infinitive_me
pişirmek	noun	piş	active_ir infinitive_mek
pişirtme	noun	piş	active_ir active_it infinitive_me
pişmanlık	noun	pişman	suitative_lik
pişme	noun	piş	infinitive_me
pişmek	noun	piş	infinitive_mek
plakacı	noun	plaka	actor_ci
plakalı	noun	plaka	compositive_li
plancı	noun	plan	actor_ci
planla	verb	plan	applicative_le
planlama	noun	plan	applicative_le infinitive_me
planlana	noun	plan	applicative_le reflexive_in adverbial_e
plansız	noun	plan	privative_siz
politikacı	noun	politika	actor_ci
polonyalı	noun	polonya	compositive_li
pompala	verb	pompa	applicative_le
popa	noun	pop	dative_e
porselenci	noun	porselen	actor_ci
portekizli	noun	portekiz	compositive_li
postacı	noun	posta	actor_ci
postala	verb	posta	applicative_le
pratikte	noun	pratik	locative_de
prestji	noun	prestij	possessive_3sg
profesyonelce	noun	profesyonel	relative_ce
profesörlüğe	noun	profesör	suitative_lik dative_e
programcı	noun	program	actor_ci
programla	verb	program	applicative_le
programı	noun	program	accusative_i
programının	noun	program	possessive_3sg noun_compound
projeci	noun	proje	actor_ci
projelendirilmek	noun	proje	applicative_le reflexive_in active_dir passive_il infinitive_mek
propagandacı	noun	propaganda	actor_ci
protestocu	noun	protesto	actor_ci
protokolcü	noun	protokol	actor_ci
puanla	verb	puan	applicative_le
puanlık	noun	puan	suitative_lik
pulla	verb	pul	applicative_le
puslu	noun	pus	compositive_li
pusmak	noun	pus	infinitive_mek
püskürmek	noun	püskür	infinitive_mek
püskürt	verb	püskür	active_it
püskürtmek	noun	püskür	active_it infinitive_mek
püskürtüş	noun	püskür	active_it nounifier_iş
rabbınızı	noun	rap	possessive_2pl accusative_i
radarcı	noun	radar	actor_ci
radikalleşme	noun	radikal	applicative_le reflexive_is infinitive_me
radyocu	noun	radyo	actor_ci
raftadır	noun	raf	locative_de nounaorist_dir
rahatla	verb	rahat	applicative_le
rahatlama	noun	rahat	applicative_le infinitive_me
rahatsız	noun	rahat	privative_siz
rahatsızlan	verb	rahat	privative_siz applicative_le reflexive_in
rahatsızlık	noun	rahat	privative_siz suitative_lik
rahatsızlığa	noun	rahat	privative_siz suitative_lik dative_e
rahatça	noun	rahat	relative_ce
rahmetli	noun	rahmet	compositive_li
rahmi	noun	rahim	possessive_3sg
rakibin	noun	rakip	noun_compound
rakipsiz	noun	rakip	privative_siz
rakıcı	noun	rakı	actor_ci
rakımlı	noun	rakım	compositive_li
rallici	noun	ralli	actor_ci
rama	noun	ram	dative_e
rampacı	noun	rampa	actor_ci
randevucu	noun	randevu	actor_ci
rantiyeci	noun	rantiye	actor_ci
raporcu	noun	rapor	actor_ci
raporla	verb	rapor	applicative_le
raporu	noun	rapor	possessive_3sg
raporun	noun	rapor	noun_compound
rastla	verb	rast	applicative_le
rastlamak	noun	rast	applicative_le infinitive_mek
rastlayış	noun	rast	applicative_le nounifier_iş
raylı	noun	ray	compositive_li
rağbetlere	noun	rağbet	plural_ler dative_e
reddeden	noun	reddet	factative_en
reddedil	verb	reddet	passive_il
reddedilmek	noun	reddet	passive_il infinitive_mek
reddediş	noun	reddet	nounifier_iş
reddetme	noun	reddet	infinitive_me
reddetmek	noun	reddet	infinitive_mek
reelde	noun	reel	locative_de
refahlı	noun	refah	compositive_li
refahlılar	noun	refah	compositive_li applicative_le factative_ir
refahlıların	noun	refah	compositive_li plural_ler possessive_2sg
reforma	noun	reform	dative_e
reformcu	noun	reform	actor_ci
rehberlik	noun	rehber	suitative_lik
reislik	noun	reis	suitative_lik
rekabetçilik	noun	rekabet	actor_ci suitative_lik
reklamcı	noun	reklam	actor_ci
rektörlüğüne	noun	rektör	suitative_lik possessive_3sg dative_e
remzi	noun	remiz	possessive_3sg
rendele	verb	rende	applicative_le
rendeleyip	noun	rende	applicative_le adverbial_ip
renkle	noun	renk	confactuous_le
renkle	verb	renk	applicative_le
renkli	noun	renk	compositive_li
renksiz	noun	renk	privative_siz
repocu	noun	repo	actor_ci
resimci	noun	resim	actor_ci
resimle	verb	resim	applicative_le
resimli	noun	resim	compositive_li
resimsiz	noun	resim	privative_siz
resmetmek	noun	resmet	infinitive_mek
resmi	noun	resim	possessive_3sg
revizyoncu	noun	revizyon	actor_ci
revna	noun	reva	possessive_2sg dative_e
reçelci	noun	reçel	actor_ci
riayetsizlik	noun	riayet	privative_siz suitative_lik
rizeli	noun	rize	compositive_li
rolcü	noun	rol	actor_ci
romalı	noun	roma	compositive_li
romancı	noun	roman	actor_ci
romantikte	noun	romantik	locative_de
rotana	noun	rota	possessive_2sg dative_e
ruhlu	noun	ruh	compositive_li
ruhsuz	noun	ruh	privative_siz
ruslana	noun	rus	applicative_le reflexive_in adverbial_e
rusyası	noun	rusya	possessive_3sg
rutubetli	noun	rutubet	compositive_li
röportajcı	noun	röportaj	actor_ci
rütbeli	noun	rütbe	compositive_li
saatı	noun	saat	possessive_3sg
sabaha	noun	sabah	dative_e
sabahla	verb	sabah	applicative_le
sabahlamak	noun	sabah	applicative_le infinitive_mek
sabahlık	noun	sabah	suitative_lik
sabahtan	noun	sabah	ablative_den
sabahçı	noun	sabah	actor_ci
sabitle	verb	sabit	applicative_le
sabotajcı	noun	sabotaj	actor_ci
sabretmek	noun	sabret	infinitive_mek
sabretmektir	noun	sabret	infinitive_mek nounaorist_dir
sabuha	noun	sabuh	dative_e
sabuncu	noun	sabun	actor_ci
sabunlayış	noun	sabun	applicative_le nounifier_iş
sabunlu	noun	sabun	compositive_li
sabıkalı	noun	sabıka	compositive_li
sabırlı	noun	sabır	compositive_li
sabırsız	noun	sabır	privative_siz
sabırsızlan	verb	sabır	privative_siz applicative_le reflexive_in
sabırsızlıkla	noun	sabır	privative_siz suitative_lik confactuous_le
safiyetin	noun	safiyet	possessive_2sg
saflık	noun	saf	suitative_lik
safsatacı	noun	safsata	actor_ci
safça	noun	saf	relative_ce
sage	noun	saik	dative_e
saglam	noun	sak	applicative_le nounifier_im
sahanlık	noun	sahan	suitative_lik
sahici	noun	sahi	actor_ci
sahiplen	verb	sahip	applicative_le reflexive_in
sahiplik	noun	sahip	suitative_lik
sahiptir	noun	sahip	nounaorist_dir
sahnele	verb	sahne	applicative_le
sahnelemek	noun	sahne	applicative_le infinitive_mek
sahteci	noun	sahte	actor_ci
sakallı	noun	sakal	compositive_li
sakaryalı	noun	sakarya	compositive_li
sakatla	verb	sakat	applicative_le
sakinlik	noun	sakin	suitative_lik
saklayış	noun	sakla	nounifier_iş
saklı	noun	sak	compositive_li
saksafoncu	noun	saksafon	actor_ci
sakınca	noun	sakın	relative_ce
sakıncıların	noun	sakın	actor_ci plural_ler possessive_2sg
sakınmak	noun	sakın	infinitive_mek
sakızcı	noun	sakız	actor_ci
salatalık	noun	salata	suitative_lik
saldır	verb	sal	active_dir
saldırgan	noun	sal	active_dir constofactative_gen
saldırt	verb	sal	active_dir active_it
saldırtmak	noun	sal	active_dir active_it infinitive_mek
saldırıcı	noun	saldırı	actor_ci
saldırış	noun	sal	active_dir nounifier_iş
salgı	noun	sal	nounifier_gi
salgıla	verb	sal	nounifier_gi applicative_le
salmak	noun	sal	infinitive_mek
salmalık	noun	sal	infinitive_me suitative_lik
salçalı	noun	salça	compositive_li
salım	noun	sal	nounifier_im
salınım	noun	sal	reflexive_in nounifier_im
salınış	noun	sal	reflexive_in nounifier_iş
samimiyetle	noun	samimiyet	confactuous_le
samsunlu	noun	samsun	compositive_li
sanatsız	noun	sanat	privative_siz
sanatçı	noun	sanat	actor_ci
sanayileşme	noun	sanayi	applicative_le reflexive_is infinitive_me
sanayisini	noun	sanayi	possessive_3sg accusative_i
sancımak	noun	sancı	infinitive_mek
sandalcı	noun	sandal	actor_ci
sandalyeci	noun	sandalye	actor_ci
sandalyemde	noun	sandalye	possessive_1sg locative_de
sandıkçı	noun	sandık	actor_ci
saniyeni	noun	saniye	possessive_2sg accusative_i
sanlı	noun	san	compositive_li
sanmak	noun	san	infinitive_mek
sansürcü	noun	sansür	actor_ci
santimetrelik	noun	santimetre	suitative_lik
sanıp	noun	san	adverbial_ip
sapla	verb	sap	applicative_le
saplayış	noun	sap	applicative_le nounifier_iş
sapma	noun	sap	infinitive_me
sapmak	noun	sap	infinitive_mek
saptamak	noun	sapta	infinitive_mek
saptan	verb	sapta	reflexive_in
saptanmak	noun	sapta	reflexive_in infinitive_mek
sapıklık	noun	sapık	suitative_lik
sapıt	verb	sap	active_it
sapıtmak	noun	sap	active_it infinitive_mek
saran	noun	sar	factative_en
sararmak	noun	sarar	infinitive_mek
sarart	verb	sarar	active_it
sarartmak	noun	sarar	active_it infinitive_mek
sararıp	noun	sarar	adverbial_ip
saraylı	noun	saray	compositive_li
sarkmak	noun	sark	infinitive_mek
sarkınca	noun	sark	adverbial_ince
sarkıntılık	noun	sarkıntı	suitative_lik
sarkıt	verb	sark	active_it
sarkıtmak	noun	sark	active_it infinitive_mek
sarkıtılmış	noun	sark	active_it passive_il pastfactative_miş
sarma	noun	sar	infinitive_me
sarmala	verb	sar	infinitive_me applicative_le
sarsan	noun	sars	factative_en
sarsmak	noun	sars	infinitive_mek
sarsılış	noun	sars	passive_il nounifier_iş
sarıcı	noun	sarı	actor_ci
sarıklı	noun	sarık	compositive_li
sarılı	noun	sarı	compositive_li
sarılıklı	noun	sarı	suitative_lik compositive_li
sarılış	noun	sar	passive_il nounifier_iş
sarın	verb	sar	reflexive_in
sarınmak	noun	sar	reflexive_in infinitive_mek
sarıyerli	noun	sarıyer	compositive_li
sarış	noun	sar	nounifier_iş
sarışınca	noun	sarışın	relative_ce
satan	noun	sat	factative_en
sataşmak	noun	sataş	infinitive_mek
satmak	noun	sat	infinitive_mek
satıcılı	noun	satıcı	compositive_li
satıcılık	noun	satıcı	suitative_lik
satılan	noun	sat	passive_il factative_en
satılış	noun	sat	passive_il nounifier_iş
satım	noun	sat	nounifier_im
satış	noun	sat	nounifier_iş
satışa	noun	sat	reflexive_is adverbial_e
satışlı	noun	sat	nounifier_iş compositive_li
savaşmak	noun	savaş	infinitive_mek
savaşçı	noun	savaş	actor_ci
savaşçıları	noun	savaş	actor_ci possessive_3pl
savaşım	noun	savaş	nounifier_im
savcı	noun	sav	actor_ci
savcılık	noun	sav	actor_ci suitative_lik
savmak	noun	sav	infinitive_mek
savrul	verb	savur	passive_il
savrulmak	noun	savur	passive_il infinitive_mek
savrulup	noun	savur	passive_il adverbial_ip
savruluş	noun	savur	passive_il nounifier_iş
savsaklayış	noun	savsakla	nounifier_iş
savunma	noun	savun	infinitive_me
savunmak	noun	savun	infinitive_mek
savunuş	noun	savun	nounifier_iş
savurmak	noun	savur	infinitive_mek
savurt	verb	savur	active_it
savurtmak	noun	savur	active_it infinitive_mek
savurtuş	noun	savur	active_it nounifier_iş
savurup	noun	savur	adverbial_ip
saya	noun	say	adverbial_e
sayan	noun	say	factative_en
sayar	noun	say	factative_ir
sayede	noun	saye	locative_de
sayesinde	noun	saye	possessive_3sg locative_de
sayfadan	noun	sayfa	ablative_den
sayfalık	noun	sayfa	suitative_lik
sayfasına	noun	sayfa	possessive_3sg dative_e
saygı	noun	say	nounifier_gi
saygılı	noun	say	nounifier_gi compositive_li
saygısız	noun	say	nounifier_gi privative_siz
saygısızca	noun	say	nounifier_gi privative_siz relative_ce
saygısızlık	noun	say	nounifier_gi privative_siz suitative_lik
sayma	noun	say	infinitive_me
saymak	noun	say	infinitive_mek
sayıca	noun	sayı	relative_ce
sayıla	verb	sayı	applicative_le
sayılı	noun	sayı	compositive_li
sayısında	noun	sayı	possessive_3sg locative_de
sayısız	noun	sayı	privative_siz
sazcı	noun	saz	actor_ci
sazlık	noun	saz	suitative_lik
saçlı	noun	saç	compositive_li
saçma	noun	saç	infinitive_me
saçmak	noun	saç	infinitive_mek
saçmala	verb	saç	infinitive_me applicative_le
saçmalık	noun	saç	infinitive_me suitative_lik
saçılış	noun	saç	passive_il nounifier_iş
sağalt	verb	sağal	active_it
sağcı	noun	sağ	actor_ci
sağduyulu	noun	sağduyu	compositive_li
sağla	verb	sağ	applicative_le
sağlamak	noun	sağ	applicative_le infinitive_mek
sağlanmasınının	noun	sağ	applicative_le reflexive_in infinitive_me possessive_3sg noun_compound conjugation_2sg
sağlık	noun	sağ	suitative_lik
sağlıklı	noun	sağ	suitative_lik compositive_li
sağlıksız	noun	sağ	suitative_lik privative_siz
sağmak	noun	sağ	infinitive_mek
sağı	noun	sağ	possessive_3sg
sağılış	noun	sağ	passive_il nounifier_iş
sağım	noun	sağ	nounifier_im
sebebiyle	noun	sebep	possessive_3sg confactuous_le
sebeple	noun	sebep	confactuous_le
sebepleriyle	noun	sebep	possessive_3pl confactuous_le
sebepten	noun	sebep	ablative_den
sebzeci	noun	sebze	actor_ci
sebzeli	noun	sebze	compositive_li
seferberlik	noun	seferber	suitative_lik
sekit	verb	sek	active_it
sekitmek	noun	sek	active_it infinitive_mek
seklinde	noun	sek	compositive_li possessive_2sg locative_de
sekmek	noun	sek	infinitive_mek
sekreterliğ	noun	sekreter	suitative_lik
sekreterliği	noun	sekreter	suitative_lik possessive_3sg
sekreterliğinde	noun	sekreter	suitative_lik possessive_3sg locative_de
sekreterliğindeki	noun	sekreter	suitative_lik possessive_3sg locative_de marking_ki
sekreterliğinden	noun	sekreter	suitative_lik possessive_3sg ablative_den
sekreterliğine	noun	sekreter	suitative_lik possessive_3sg dative_e
sekreterliğini	noun	sekreter	suitative_lik possessive_3sg accusative_i
sekreterliğinin	noun	sekreter	suitative_lik possessive_3sg noun_compound
seksenlik	noun	seksen	suitative_lik
seksi	noun	sek	approximative_si
selamla	verb	selam	applicative_le
selamlayış	noun	selam	applicative_le nounifier_iş
selamlık	noun	selam	suitative_lik
selmi	noun	selim	possessive_3sg
selçuklu	noun	selçuk	compositive_li
senaryocu	noun	senaryo	actor_ci
sendikacı	noun	sendika	actor_ci
sendikalı	noun	sendika	compositive_li
senelik	noun	sene	suitative_lik
seneye	noun	sene	dative_e
senli	noun	sen	compositive_li
sentezle	verb	sentez	applicative_le
sepetle	verb	sepet	applicative_le
serapla	noun	serap	confactuous_le
serbesttir	noun	serbest	nounaorist_dir
serbestçe	noun	serbest	relative_ce
serdarlı	noun	serdar	compositive_li
sergici	noun	sergi	actor_ci
sergile	verb	sergi	applicative_le
sergileyiş	noun	sergi	applicative_le nounifier_iş
sergisi	noun	sergi	possessive_3sg
serhadlı	noun	serhat	compositive_li
serhadlıyla	noun	serhat	compositive_li confactuous_le
serhatlı	noun	serhat	compositive_li
serici	noun	seri	actor_ci
serinle	verb	serin	applicative_le
serinlemek	noun	serin	applicative_le infinitive_mek
serinlik	noun	serin	suitative_lik
seriz	noun	ser	conjugation_1pl
sermayeci	noun	sermaye	actor_ci
serpilme	noun	serp	passive_il infinitive_me
serpip	noun	serp	adverbial_ip
serpiş	verb	serp	reflexive_is
serpiştiril	verb	serp	reflexive_is active_dir passive_il
serpiştirilmek	noun	serp	reflexive_is active_dir passive_il infinitive_mek
serpiştirip	noun	serp	reflexive_is active_dir adverbial_ip
serpmek	noun	serp	infinitive_mek
sertelmek	noun	sertel	infinitive_mek
sertleşmede	noun	sert	applicative_le reflexive_is infinitive_me locative_de
servisi	noun	servis	possessive_3sg
serüvenci	noun	serüven	actor_ci
sesimiz	noun	ses	possessive_1pl
sesinizi	noun	ses	possessive_2pl accusative_i
sesiyle	noun	ses	possessive_3sg confactuous_le
sesle	verb	ses	applicative_le
seslen	verb	ses	applicative_le reflexive_in
seslendiriş	noun	ses	applicative_le reflexive_in active_dir nounifier_iş
sesli	noun	ses	compositive_li
seslikçi	noun	ses	suitative_lik actor_ci
sessiz	noun	ses	privative_siz
sessizce	noun	ses	privative_siz relative_ce
sessizlik	noun	ses	privative_siz suitative_lik
sevdalı	noun	sevda	compositive_li
seven	noun	sev	factative_en
sevenler	noun	sev	factative_en applicative_le factative_ir
sever	noun	sev	factative_ir
sevgi	noun	sev	nounifier_gi
sevgili	noun	sev	nounifier_gi compositive_li
sevgililik	noun	sev	nounifier_gi compositive_li suitative_lik
sevgilisini	noun	sev	nounifier_gi compositive_li possessive_3sg accusative_i
sevgimizi	noun	sev	nounifier_gi possessive_1pl accusative_i
sevgisiz	noun	sev	nounifier_gi privative_siz
sevgisizlik	noun	sev	nounifier_gi privative_siz suitative_lik
sevilen	noun	sev	passive_il factative_en
sevilir	noun	sev	passive_il factative_ir
seviliş	noun	sev	passive_il nounifier_iş
sevim	noun	sev	nounifier_im
sevimli	noun	sev	nounifier_im compositive_li
sevimsiz	noun	sev	nounifier_im privative_siz
sevin	verb	sev	reflexive_in
sevince	noun	sev	adverbial_ince
sevincimizi	noun	sevinç	possessive_1pl accusative_i
seviniş	noun	sev	reflexive_in nounifier_iş
sevinçli	noun	sevinç	compositive_li
sevip	noun	sev	adverbial_ip
seviyeli	noun	seviye	compositive_li
seviş	verb	sev	reflexive_is
sevişmek	noun	sev	reflexive_is infinitive_mek
sevmek	noun	sev	infinitive_mek
seydi	noun	seyit	possessive_3sg
seyirci	noun	seyir	actor_ci
seyirlik	noun	seyir	suitative_lik
seyredil	verb	seyret	passive_il
seyredilmek	noun	seyret	passive_il infinitive_mek
seyretmek	noun	seyret	infinitive_mek
sezdiriş	noun	sez	active_dir nounifier_iş
sezilme	noun	sez	passive_il infinitive_me
seçen	noun	seç	factative_en
seçeneğin	noun	seçenek	noun_compound
seçerken	noun	seç	factative_ir when_ken
seçici	noun	seçi	actor_ci
seçiliş	noun	seç	passive_il nounifier_iş
seçilmişlik	noun	seç	passive_il pastfactative_miş suitative_lik
seçim	noun	seç	nounifier_im
seçimdir	noun	seç	nounifier_im nounaorist_dir
seçme	noun	seç	infinitive_me
seçmeci	noun	seç	infinitive_me actor_ci
seçmek	noun	seç	infinitive_mek
seğirmek	noun	seğir	infinitive_mek
seğirtmek	noun	seğir	active_it infinitive_mek
sicili	noun	sicil	possessive_3sg
sigaracı	noun	sigara	actor_ci
sigortacı	noun	sigorta	actor_ci
sigortala	verb	sigorta	applicative_le
sihirli	noun	sihir	compositive_li
silaha	noun	silah	dative_e
silahlı	noun	silah	compositive_li
silahsızlan	verb	silah	privative_siz applicative_le reflexive_in
simgeci	noun	simge	actor_ci
simgele	verb	simge	applicative_le
simyacı	noun	simya	actor_ci
sinirlen	verb	sinir	applicative_le reflexive_in
sinirli	noun	sinir	compositive_li
sinirlilik	noun	sinir	compositive_li suitative_lik
sinyora	noun	sinyor	dative_e
sirkeci	noun	sirke	actor_ci
sirkeli	noun	sirke	compositive_li
sisli	noun	sis	compositive_li
sistemdir	noun	sistem	nounaorist_dir
sistemimiz	noun	sistem	possessive_1pl
sistemli	noun	sistem	compositive_li
siverekli	noun	siverek	compositive_li
sivrilmek	noun	sivril	infinitive_mek
sivrisineğin	noun	sivrisinek	noun_compound
siyaha	noun	siyah	dative_e
siyahlılarda	noun	siyah	compositive_li applicative_le factative_ir locative_de
siyasetçi	noun	siyaset	actor_ci
siyasetçiydi	noun	siyaset	actor_ci pasttense_noundi
sizce	noun	siz	relative_ce
sizsiz	noun	siz	privative_siz
slibi	noun	slip	possessive_3sg
slogancı	noun	slogan	actor_ci
sloganlı	noun	slogan	compositive_li
smacı	noun	smaç	possessive_3sg
sobacı	noun	soba	actor_ci
sofracı	noun	sofra	actor_ci
sofraya	noun	sofra	dative_e
sogan	noun	sok	factative_en
sokakçı	noun	sokak	actor_ci
sokan	noun	sok	factative_en
sokma	noun	sok	infinitive_me
sokmak	noun	sok	infinitive_mek
sokrum	noun	sokur	possessive_1sg
sokturmak	noun	sok	active_dir infinitive_mek
sokuluş	noun	sok	passive_il nounifier_iş
sokup	noun	sok	adverbial_ip
sokuş	noun	sok	nounifier_iş
sokuş	verb	sok	reflexive_is
sokuşmak	noun	sok	reflexive_is infinitive_mek
sola	noun	sol	adverbial_e
solcu	noun	sol	actor_ci
solla	verb	sol	applicative_le
sollayış	noun	sol	applicative_le nounifier_iş
sollu	noun	sol	compositive_li
solmak	noun	sol	infinitive_mek
solocu	noun	solo	actor_ci
solumak	noun	solu	infinitive_mek
solun	verb	sol	reflexive_in
solunmak	noun	sol	reflexive_in infinitive_mek
solut	verb	sol	active_it
solutmak	noun	sol	active_it infinitive_mek
soluğunu	noun	soluk	possessive_3sg accusative_i
soluş	noun	sol	nounifier_iş
somurt	verb	somur	active_it
somutla	verb	somut	applicative_le
somutlaşıp	noun	somut	applicative_le reflexive_is adverbial_ip
sonda	noun	son	locative_de
sonla	noun	son	confactuous_le
sonla	verb	son	applicative_le
sonradan	noun	sonra	ablative_den
sonrakiler	noun	sonraki	applicative_le factative_ir
sonraları	noun	sonra	plural_ler possessive_3sg
sonsuz	noun	son	privative_siz
sonsuza	noun	son	privative_siz dative_e
sonsuzdu	noun	son	privative_siz pasttense_noundi
sonsuzluğa	noun	son	privative_siz suitative_lik dative_e
sonu	noun	son	possessive_3sg
sonucu	noun	sonuç	possessive_3sg
sonucunda	noun	sonuç	possessive_3sg locative_de
sonunda	noun	son	possessive_3sg locative_de
sonuçlanınca	noun	sonuç	applicative_le reflexive_in adverbial_ince
sonuçta	noun	sonuç	locative_de
sonuçu	noun	sonuç	possessive_3sg
sopalı	noun	sopa	compositive_li
sopasını	noun	sopa	possessive_3sg accusative_i
sora	noun	sor	adverbial_e
soran	noun	sor	factative_en
sordurt	verb	sor	active_dir active_it
sordurtmak	noun	sor	active_dir active_it infinitive_mek
sorgu	noun	sor	nounifier_gi
sorgula	verb	sor	nounifier_gi applicative_le
sorma	noun	sor	infinitive_me
sormak	noun	sor	infinitive_mek
sorula	noun	sor	passive_il adverbial_e
sorum	noun	sor	nounifier_im
sorumlu	noun	sor	nounifier_im compositive_li
sorumluluk	noun	sor	nounifier_im compositive_li suitative_lik
sorunca	noun	sorun	relative_ce
sorunsuz	noun	sorun	privative_siz
sorunumuz	noun	sorun	possessive_1pl
soruydu	noun	soru	pasttense_noundi
soruş	verb	sor	reflexive_is
soruşmak	noun	sor	reflexive_is infinitive_mek
soruştur	verb	sor	reflexive_is active_dir
soruşturma	noun	sor	reflexive_is active_dir infinitive_me
sotele	verb	sote	applicative_le
sovyetler	noun	sovyet	plural_ler
soyguncu	noun	soygun	actor_ci
soykan	noun	soyka	possessive_2sg
soylu	noun	soy	compositive_li
soyluluk	noun	soy	compositive_li suitative_lik
soymak	noun	soy	infinitive_mek
soyun	verb	soy	reflexive_in
soyunma	noun	soy	reflexive_in infinitive_me
soyunmak	noun	soy	reflexive_in infinitive_mek
soyunup	noun	soy	reflexive_in adverbial_ip
soyunuş	noun	soy	reflexive_in nounifier_iş
soyup	noun	soy	adverbial_ip
soyutla	verb	soyut	applicative_le
soyutluk	noun	soyut	suitative_lik
soyutçuluk	noun	soyut	actor_ci suitative_lik
soğanlı	noun	soğan	compositive_li
soğulmak	noun	sok	passive_il infinitive_mek
soğumak	noun	soğu	infinitive_mek
soğur	verb	sok	active_ir
soğurmak	noun	sok	active_ir infinitive_mek
soğuruş	noun	sok	active_ir nounifier_iş
soğut	verb	soğu	active_it
soğutmak	noun	sok	active_it infinitive_mek
soğutunca	noun	sok	active_it adverbial_ince
soğutuş	noun	sok	active_it nounifier_iş
soğuyunca	noun	soğu	adverbial_ince
soğuşma	noun	sok	reflexive_is infinitive_me
sporcu	noun	spor	actor_ci
statükocu	noun	statüko	actor_ci
stoku	noun	stok	accusative_i
subaylığa	noun	subay	suitative_lik dative_e
suda	noun	su	locative_de
sularında	noun	su	plural_ler possessive_3sg locative_de
sultaniye	noun	sultani	dative_e
sulu	noun	su	compositive_li
sunmak	noun	sun	infinitive_mek
sunucu	noun	sunu	actor_ci
sunuluş	noun	sun	passive_il nounifier_iş
sunuş	noun	sun	nounifier_iş
suratlı	noun	surat	compositive_li
suraya	noun	sura	dative_e
suriyeli	noun	suriye	compositive_li
suriyeliler	noun	suriye	compositive_li applicative_le factative_ir
susama	noun	susa	infinitive_me
susamsız	noun	susam	privative_siz
susat	verb	susa	active_it
susatmak	noun	susa	active_it infinitive_mek
susayış	noun	susa	nounifier_iş
susmak	noun	sus	infinitive_mek
sustur	verb	sus	active_dir
susturmak	noun	sus	active_dir infinitive_mek
susturulma	noun	sus	active_dir passive_il infinitive_me
susurlukla	noun	susurluk	confactuous_le
susurluktan	noun	susurluk	ablative_den
susuş	noun	sus	nounifier_iş
suçla	verb	suç	applicative_le
suçlama	noun	suç	applicative_le infinitive_me
suçlamak	noun	suç	applicative_le infinitive_mek
suçlayış	noun	suç	applicative_le nounifier_iş
suçlu	noun	suç	compositive_li
suçluluk	noun	suç	compositive_li suitative_lik
suçluyu	noun	suç	compositive_li accusative_i
suçsuz	noun	suç	privative_siz
suçtan	noun	suç	ablative_den
sökme	noun	sök	infinitive_me
söktür	verb	sök	active_dir
söktürmek	noun	sök	active_dir infinitive_mek
sökül	verb	sök	passive_il
sökülmek	noun	sök	passive_il infinitive_mek
sökülüş	noun	sök	passive_il nounifier_iş
söküş	noun	sök	nounifier_iş
sömürgeci	noun	sömürge	actor_ci
sömürmek	noun	sömür	infinitive_mek
sömürüş	noun	sömür	nounifier_iş
söndürme	noun	sön	active_dir infinitive_me
sönen	noun	sön	factative_en
sönke	noun	sönük	dative_e
sönmek	noun	sön	infinitive_mek
sövmek	noun	söv	infinitive_mek
sövüş	noun	söv	nounifier_iş
sövüşmek	noun	söv	reflexive_is infinitive_mek
söyledik	noun	söyle	adjectifier_dik
söylediğ	noun	söyle	adjectifier_dik
söylem	noun	söyle	nounifier_im
söyleme	noun	söyle	infinitive_me
söylemek	noun	söyle	infinitive_mek
söylemez	noun	söyle	negative_me factative_ir
söylenilmek	noun	söyle	reflexive_in passive_il infinitive_mek
söyler	noun	söyle	factative_ir
söyleyince	noun	söyle	adverbial_ince
söyleyip	noun	söyle	adverbial_ip
söyleş	verb	söyle	reflexive_is
söyleşmekti	noun	söyle	reflexive_is infinitive_mek pasttense_noundi
söylüyordu	noun	söyle	continuous_iyor pasttense_di
söylüyorsa	noun	söyle	continuous_iyor wish_suffix
sözcü	noun	söz	actor_ci
sözcük	noun	söz	diminutive_cik
sözcülük	noun	söz	actor_ci suitative_lik
sözde	noun	söz	locative_de
sözleş	verb	söz	applicative_le reflexive_is
sözleşme	noun	söz	applicative_le reflexive_is infinitive_me
sözleşmeli	noun	söz	applicative_le reflexive_is infinitive_me compositive_li
sözlü	noun	söz	compositive_li
sözlük	noun	söz	suitative_lik
sözlükçü	noun	söz	suitative_lik actor_ci
söğütlü	noun	söğüt	compositive_li
söğüş	noun	sök	nounifier_iş
söğüşledik	noun	sök	nounifier_iş applicative_le adjectifier_dik
söğüşlemeyi	noun	sök	nounifier_iş applicative_le infinitive_me accusative_i
süngerci	noun	sünger	actor_ci
süprülerek	noun	süpür	passive_il adverbial_erek
süpürgeci	noun	süpürge	actor_ci
süpürmek	noun	süpür	infinitive_mek
süpürt	verb	süpür	active_it
süpürtmek	noun	süpür	active_it infinitive_mek
süpürüş	noun	süpür	nounifier_iş
sürdürüş	noun	sür	active_dir nounifier_iş
sürece	noun	süre	relative_ce
süredir	noun	süre	nounaorist_dir
süregel	verb	sür	persistive_egelmek
sürekli	noun	sürek	compositive_li
sürer	noun	sür	factative_ir
süresiz	noun	süre	privative_siz
süreyle	noun	süre	confactuous_le
süreçtir	noun	süreç	nounaorist_dir
sürgü	noun	sür	nounifier_gi
sürme	noun	sür	infinitive_me
sürmek	noun	sür	infinitive_mek
sürmeli	noun	sür	infinitive_me compositive_li
sürt	verb	sür	active_it
sürtmek	noun	sür	active_it infinitive_mek
sürtün	verb	sür	active_it reflexive_in
sürtünmek	noun	sür	active_it reflexive_in infinitive_mek
sürtünüş	noun	sür	active_it reflexive_in nounifier_iş
sürtüş	noun	sür	active_it nounifier_iş
sürtüş	verb	sür	active_it reflexive_is
sürtüşmek	noun	sür	active_it reflexive_is infinitive_mek
sürçmek	noun	sürç	infinitive_mek
sürçtür	verb	sürç	active_dir
sürçtürmek	noun	sürç	active_dir infinitive_mek
sürücü	noun	sürü	actor_ci
sürücülerini	noun	sürü	actor_ci plural_ler possessive_3sg accusative_i
sürükleyip	noun	sürükle	adverbial_ip
sürükleyiş	noun	sürükle	nounifier_iş
sürülüş	noun	sür	passive_il nounifier_iş
sürüm	noun	sür	nounifier_im
sürümek	noun	sürü	infinitive_mek
sürün	verb	sür	reflexive_in
sürünmek	noun	sür	reflexive_in infinitive_mek
sürünüş	noun	sür	reflexive_in nounifier_iş
sürüp	noun	sür	adverbial_ip
sürüt	verb	sür	active_it
sürütmek	noun	sür	active_it infinitive_mek
sürüş	noun	sür	nounifier_iş
süsle	verb	süs	applicative_le
süslemek	noun	süs	applicative_le infinitive_mek
süsleyip	noun	süs	applicative_le adverbial_ip
süslü	noun	süs	compositive_li
sütlü	noun	süt	compositive_li
sütyenci	noun	sütyen	actor_ci
sütçü	noun	süt	actor_ci
sütünü	noun	süt	possessive_3sg accusative_i
süzmek	noun	süz	infinitive_mek
süzül	verb	süz	passive_il
süzülüş	noun	süz	passive_il nounifier_iş
süzüp	noun	süz	adverbial_ip
sıcaklık	noun	sıcak	suitative_lik
sıcaktı	noun	sıcak	pasttense_noundi
sıfırcı	noun	sıfır	actor_ci
sıfırla	verb	sıfır	applicative_le
sıkacak	noun	sık	nounifier_ecek
sıkma	noun	sık	infinitive_me
sıkmak	noun	sık	infinitive_mek
sıkça	noun	sık	relative_ce
sıkıcılık	noun	sıkı	actor_ci suitative_lik
sıkıl	verb	sık	passive_il
sıkılıp	noun	sık	passive_il adverbial_ip
sıkılış	noun	sık	passive_il nounifier_iş
sıkın	noun	sık	noun_compound
sıkın	verb	sık	reflexive_in
sıkıntılı	noun	sıkıntı	compositive_li
sıkıntısız	noun	sıkıntı	privative_siz
sıkıp	noun	sık	adverbial_ip
sıkış	verb	sık	reflexive_is
sıkışmalı	noun	sık	reflexive_is infinitive_me compositive_li
sıkıştırış	noun	sık	reflexive_is active_dir nounifier_iş
sıkışınca	noun	sık	reflexive_is adverbial_ince
sıkışıp	noun	sık	reflexive_is adverbial_ip
sınamak	noun	sına	infinitive_mek
sınan	verb	sına	reflexive_in
sınanmak	noun	sına	reflexive_in infinitive_mek
sınat	verb	sına	active_it
sınatmak	noun	sına	active_it infinitive_mek
sınmak	noun	sın	infinitive_mek
sınıfla	verb	sınıf	applicative_le
sınırla	noun	sınır	confactuous_le
sınırla	verb	sınır	applicative_le
sınırlandırma	noun	sınır	applicative_le reflexive_in active_dir infinitive_me
sınırlayış	noun	sınır	applicative_le nounifier_iş
sınırlı	noun	sınır	compositive_li
sınırlıdır	noun	sınır	compositive_li nounaorist_dir
sınırsız	noun	sınır	privative_siz
sınırı	noun	sınır	possessive_3sg
sıracı	noun	sıra	actor_ci
sırada	noun	sıra	locative_de
sıradan	noun	sıra	ablative_den
sıradı	noun	sırat	possessive_3sg
sırala	verb	sıra	applicative_le
sıralayış	noun	sıra	applicative_le nounifier_iş
sırası	noun	sıra	possessive_3sg
sırasında	noun	sıra	possessive_3sg locative_de
sırasıyla	noun	sıra	possessive_3sg confactuous_le
sırrı	noun	sır	possessive_3sg
sırtla	verb	sırt	applicative_le
sırın	noun	sır	possessive_2sg
sırıtmak	noun	sırıt	infinitive_mek
sıvamak	noun	sıva	infinitive_mek
sıvan	verb	sıva	reflexive_in
sıvanmak	noun	sıva	reflexive_in infinitive_mek
sıvat	verb	sıva	active_it
sıvatmak	noun	sıva	active_it infinitive_mek
sıvaş	verb	sıva	reflexive_is
sıvaşmak	noun	sıva	reflexive_is infinitive_mek
sıyrıl	verb	sıyır	passive_il
sıyrılış	noun	sıyır	passive_il nounifier_iş
sıyırmak	noun	sıyır	infinitive_mek
sıyırt	verb	sıyır	active_it
sıyırtmak	noun	sıyır	active_it infinitive_mek
sıyırıp	noun	sıyır	adverbial_ip
sızma	noun	sız	infinitive_me
sızmak	noun	sız	infinitive_mek
sızır	verb	sız	active_ir
sızırmak	noun	sız	active_ir infinitive_mek
sıçrama	noun	sıçra	infinitive_me
sıçramak	noun	sıçra	infinitive_mek
sıçratma	noun	sıçra	active_it infinitive_me
sığdırış	noun	sığ	active_dir nounifier_iş
sığlık	noun	sığ	suitative_lik
sığmak	noun	sığ	infinitive_mek
sığın	verb	sığ	reflexive_in
sığınmacı	noun	sığ	reflexive_in infinitive_me actor_ci
sığınmak	noun	sığ	reflexive_in infinitive_mek
sığınış	noun	sığ	reflexive_in nounifier_iş
taaccübünü	noun	taaccüp	possessive_3sg accusative_i
tabakla	verb	tabak	applicative_le
tabanlık	noun	taban	suitative_lik
tabansız	noun	taban	privative_siz
tabbi	noun	tabip	possessive_3sg
tabiatıyla	noun	tabiat	possessive_3sg confactuous_le
tabiri	noun	tabir	possessive_3sg
taburcu	noun	tabur	actor_ci
tahminci	noun	tahmin	actor_ci
tahmini	noun	tahmin	possessive_3sg
tahmli	noun	tahmil	possessive_3sg
takan	noun	tak	factative_en
takdimci	noun	takdim	actor_ci
takdirde	noun	takdir	locative_de
takipsizlik	noun	takip	privative_siz suitative_lik
takipçi	noun	takip	actor_ci
takiyye	noun	takiye	dative_e
takkeli	noun	takke	compositive_li
takmak	noun	tak	infinitive_mek
taksici	noun	taksi	actor_ci
taksitlendirilmek	noun	taksit	applicative_le reflexive_in active_dir passive_il infinitive_mek
taksitli	noun	taksit	compositive_li
takıl	verb	tak	passive_il
takılı	noun	takı	compositive_li
takılıp	noun	tak	passive_il adverbial_ip
takılış	noun	tak	passive_il nounifier_iş
takım	noun	tak	nounifier_im
takın	verb	tak	reflexive_in
takıntısız	noun	takıntı	privative_siz
takıp	noun	tak	adverbial_ip
takış	verb	tak	reflexive_is
talancı	noun	talan	actor_ci
talihsiz	noun	talih	privative_siz
tamamdır	noun	tamam	nounaorist_dir
tamamla	verb	tamam	applicative_le
tamamlayış	noun	tamam	applicative_le nounifier_iş
tamamı	noun	tamam	possessive_3sg
tamamına	noun	tamam	possessive_3sg dative_e
tamamında	noun	tamam	possessive_3sg locative_de
tamamını	noun	tamam	possessive_3sg accusative_i
tamamının	noun	tamam	possessive_3sg noun_compound
tamirci	noun	tamir	actor_ci
tanedir	noun	tane	nounaorist_dir
tankerci	noun	tanker	actor_ci
tanrısal	noun	tanrı	relative_sel
tanrısız	noun	tanrı	privative_siz
tansiyonun	noun	tansiyon	noun_compound
tantanalı	noun	tantana	compositive_li
tanıdık	noun	tanı	adjectifier_dik
tanım	noun	tanı	nounifier_im
tanıma	noun	tanı	infinitive_me
tanımak	noun	tanı	infinitive_mek
tanımla	verb	tanı	nounifier_im applicative_le
tanımlama	noun	tanı	nounifier_im applicative_le infinitive_me
tanıtan	noun	tanı	active_it factative_en
tanıttın	noun	tanı	active_it pasttense_di conjugation_2sg
tanıtım	noun	tanı	active_it nounifier_im
tanıyıp	noun	tanı	adverbial_ip
tanış	verb	tanı	reflexive_is
tanışma	noun	tanı	reflexive_is infinitive_me
tanışmak	noun	tanı	reflexive_is infinitive_mek
tapan	noun	tap	factative_en
tapmak	noun	tap	infinitive_mek
tapın	verb	tap	reflexive_in
tapınanımdır	noun	tap	reflexive_in factative_en possessive_1sg nounaorist_dir
tapınma	noun	tap	reflexive_in infinitive_me
tapınış	noun	tap	reflexive_in nounifier_iş
tarabya	noun	taraba	dative_e
tarafa	noun	taraf	dative_e
taraflı	noun	taraf	compositive_li
tarafsız	noun	taraf	privative_siz
tarafsızlık	noun	taraf	privative_siz suitative_lik
tarafta	noun	taraf	locative_de
tarafında	noun	taraf	possessive_3sg locative_de
tarafından	noun	taraf	possessive_3sg ablative_den
tarama	noun	tara	infinitive_me
taramak	noun	tara	infinitive_mek
targa	noun	tarık	dative_e
tarifsiz	noun	tarif	privative_siz
tarihle	verb	tarih	applicative_le
tarihli	noun	tarih	compositive_li
tarihçi	noun	tarih	actor_ci
tartan	noun	tart	factative_en
tartmak	noun	tart	infinitive_mek
tartılış	noun	tart	passive_il nounifier_iş
tartış	verb	tart	reflexive_is
tartışarak	noun	tart	reflexive_is adverbial_erek
tartışma	noun	tart	reflexive_is infinitive_me
tartışmak	noun	tart	reflexive_is infinitive_mek
tartışmalı	noun	tart	reflexive_is infinitive_me compositive_li
tarığa	noun	tarık	dative_e
tasarlayış	noun	tasarla	nounifier_iş
tasarruflu	noun	tasarruf	compositive_li
tasarımcı	noun	tasarım	actor_ci
tasarımla	verb	tasarım	applicative_le
tasfiyeci	noun	tasfiye	actor_ci
tasla	verb	tas	applicative_le
tasvirci	noun	tasvir	actor_ci
tasviri	noun	tasvir	possessive_3sg
tatilci	noun	tatil	actor_ci
tatlan	verb	tat	applicative_le reflexive_in
tatlı	noun	tat	compositive_li
tatlıcı	noun	tat	compositive_li actor_ci
tatlıyı	noun	tat	compositive_li accusative_i
tatmak	noun	tat	infinitive_mek
tatminsizlik	noun	tatmin	privative_siz suitative_lik
tatsızlık	noun	tat	privative_siz suitative_lik
tatsızlıkta	noun	tat	privative_siz suitative_lik locative_de
tavcı	noun	tav	actor_ci
tavizci	noun	taviz	actor_ci
tavla	verb	tav	applicative_le
tavlacı	noun	tavla	actor_ci
tavşancı	noun	tavşan	actor_ci
tazele	verb	taze	applicative_le
tazıcı	noun	tazı	actor_ci
taşan	noun	taş	factative_en
taşanlar	noun	taş	factative_en applicative_le factative_ir
taşkınlık	noun	taşkın	suitative_lik
taşla	verb	taş	applicative_le
taşlama	noun	taş	applicative_le infinitive_me
taşlı	noun	taş	compositive_li
taşlık	noun	taş	suitative_lik
taşmak	noun	taş	infinitive_mek
taşmalı	noun	taş	infinitive_me compositive_li
taşralı	noun	taşra	compositive_li
taşıdını	noun	taşıt	possessive_2sg accusative_i
taşım	noun	taşı	nounifier_im
taşıma	noun	taşı	infinitive_me
taşımacı	noun	taşı	infinitive_me actor_ci
taşımak	noun	taşı	infinitive_mek
taşın	verb	taşı	reflexive_in
taşınabilir	noun	taşı	passive_il possibilitative_ebil factative_ir
taşınır	noun	taşı	passive_il factative_ir
taşınış	noun	taşı	reflexive_in nounifier_iş
taşır	verb	taşı	active_ir
taşırmak	noun	taşı	active_ir infinitive_mek
taşıt	verb	taşı	active_it
taşıtmak	noun	taşı	active_it infinitive_mek
taşıyıp	noun	taşı	adverbial_ip
tecavüzcü	noun	tecavüz	actor_ci
tecrübeli	noun	tecrübe	compositive_li
tedirginlik	noun	tedirgin	suitative_lik
tefeci	noun	tefe	actor_ci
tegin	noun	tek	possessive_2sg
tehdidçi	noun	tehdit	actor_ci
tehlikeli	noun	tehlike	compositive_li
tekelci	noun	tekel	actor_ci
tekeli	noun	tekel	possessive_3sg
tekerle	verb	teker	applicative_le
tekerleme	noun	teker	applicative_le infinitive_me
tekerlemeci	noun	teker	applicative_le infinitive_me actor_ci
tekini	noun	tekin	accusative_i
tekinsiz	noun	tekin	privative_siz
tekle	verb	tek	applicative_le
tekmele	verb	tekme	applicative_le
tekneci	noun	tekne	actor_ci
tekniğine	noun	teknik	possessive_3sg dative_e
tekrarla	verb	tekrar	applicative_le
tekstilci	noun	tekstil	actor_ci
telaşlı	noun	telaş	compositive_li
telci	noun	tel	actor_ci
telefoncu	noun	telefon	actor_ci
teleskopla	noun	teleskop	confactuous_le
televizyona	noun	televizyon	dative_e
televizyoncu	noun	televizyon	actor_ci
telli	noun	tel	compositive_li
telsiz	noun	tel	privative_siz
telsizci	noun	tel	privative_siz actor_ci
telsizi	noun	tel	privative_siz accusative_i
temelde	noun	temel	locative_de
temizle	noun	temiz	confactuous_le
temizle	verb	temiz	applicative_le
temizleme	noun	temiz	applicative_le infinitive_me
temizlemek	noun	temiz	applicative_le infinitive_mek
temizlendi	noun	temiz	applicative_le reflexive_in pasttense_di
temizleyip	noun	temiz	applicative_le adverbial_ip
temizlik	noun	temiz	suitative_lik
temizlikçi	noun	temiz	suitative_lik actor_ci
temliki	noun	tem	suitative_lik possessive_3sg
temsilci	noun	temsil	actor_ci
temsilcilik	noun	temsil	actor_ci suitative_lik
tenekeci	noun	teneke	actor_ci
tenisçi	noun	tenis	actor_ci
tenli	noun	ten	compositive_li
teorisini	noun	teori	possessive_3sg accusative_i
tepele	verb	tepe	applicative_le
tepeli	noun	tepe	compositive_li
tepemdeyse	noun	tepe	possessive_1sg locative_de if_se
tepin	verb	tep	reflexive_in
tepiniş	noun	tep	reflexive_in nounifier_iş
tepki	noun	tep	nounifier_gi
tepkisiz	noun	tep	nounifier_gi privative_siz
tepmek	noun	tep	infinitive_mek
terbiyeli	noun	terbiye	compositive_li
terchinin	noun	tercih	possessive_3sg noun_compound
tercihtir	noun	tercih	nounaorist_dir
tercümanlık	noun	tercüman	suitative_lik
tereddüte	noun	tereddüt	dative_e
terketti	noun	terket	pasttense_di
terkettik	noun	terket	adjectifier_dik
terkible	noun	terkip	confactuous_le
terle	verb	ter	applicative_le
terleyen	noun	ter	applicative_le factative_en
terleyiş	noun	ter	applicative_le nounifier_iş
terlik	noun	ter	suitative_lik
terlikçi	noun	ter	suitative_lik actor_ci
tersinde	noun	ters	possessive_3sg locative_de
tersine	noun	ters	possessive_3sg dative_e
tersle	verb	ters	applicative_le
terslik	noun	ters	suitative_lik
terörcü	noun	terör	actor_ci
tescille	verb	tescil	applicative_le
tesirli	noun	tesir	compositive_li
tetikle	verb	tetik	applicative_le
tetikçi	noun	tetik	actor_ci
teyzeli	noun	teyze	compositive_li
teyzemler	noun	teyze	possessive_1sg conjugation_3pl
tezgahla	verb	tezgah	applicative_le
tezkereci	noun	tezkere	actor_ci
tezle	verb	tez	applicative_le
teşhirci	noun	teşhir	actor_ci
tigin	noun	tik	possessive_2sg
tiksinmek	noun	tiksin	infinitive_mek
time	noun	tim	dative_e
tinerci	noun	tiner	actor_ci
tiple	verb	tip	applicative_le
tipli	noun	tip	compositive_li
tirli	noun	tir	compositive_li
titizleşen	noun	titiz	applicative_le reflexive_is factative_en
titizlik	noun	titiz	suitative_lik
titizlikle	noun	titiz	suitative_lik confactuous_le
titremek	noun	titre	infinitive_mek
titret	verb	titre	active_it
titretmek	noun	titre	active_it infinitive_mek
titreş	verb	titre	reflexive_is
titreşen	noun	titre	reflexive_is factative_en
titreşim	noun	titre	reflexive_is nounifier_im
titreşmek	noun	titre	reflexive_is infinitive_mek
tiyatrocu	noun	tiyatro	actor_ci
tiye	noun	ti	dative_e
togta	noun	tok	locative_de
tohumcu	noun	tohum	actor_ci
tohumla	verb	tohum	applicative_le
tokalaş	verb	toka	applicative_le reflexive_is
tokatla	verb	tokat	applicative_le
tokatlı	noun	tokat	compositive_li
toklu	noun	tok	compositive_li
tokuşmak	noun	tokuş	infinitive_mek
tonla	verb	ton	applicative_le
topa	noun	top	dative_e
topalla	verb	topal	applicative_le
topallayış	noun	topal	applicative_le nounifier_iş
toparla	verb	topar	applicative_le
topla	verb	top	applicative_le
toplamak	noun	top	applicative_le infinitive_mek
toplayıp	noun	top	applicative_le adverbial_ip
toplmu	noun	toplum	possessive_3sg
toplu	noun	top	compositive_li
topluluk	noun	top	compositive_li suitative_lik
toplumcu	noun	toplum	actor_ci
toplumlu	noun	toplum	compositive_li
toplumsal	noun	toplum	relative_sel
toprakla	noun	toprak	confactuous_le
toprakla	verb	toprak	applicative_le
toptancı	noun	toptan	actor_ci
topu	noun	top	possessive_3sg
topuklu	noun	topuk	compositive_li
topçu	noun	top	actor_ci
torpilci	noun	torpil	actor_ci
torpille	verb	torpil	applicative_le
tozlu	noun	toz	compositive_li
traktörcü	noun	traktör	actor_ci
trapezci	noun	trapez	actor_ci
trene	noun	tren	dative_e
trilyonluk	noun	trilyon	suitative_lik
tulga	noun	tuluk	dative_e
tulumcu	noun	tulum	actor_ci
tunuslu	noun	tunus	compositive_li
turizmci	noun	turizm	actor_ci
turla	verb	tur	applicative_le
turşucu	noun	turşu	actor_ci
tutacak	noun	tut	nounifier_ecek
tutan	noun	tut	factative_en
tutar	noun	tut	factative_ir
tutarak	noun	tut	adverbial_erek
tutkalcı	noun	tutkal	actor_ci
tutku	noun	tut	nounifier_gi
tutmak	noun	tut	infinitive_mek
tuttur	verb	tut	active_ir
tutturmak	noun	tut	active_dir infinitive_mek
tutturuş	noun	tut	active_ir nounifier_iş
tuttuştukları	noun	tut	reflexive_is adjectifier_dik possessive_3pl
tutukla	verb	tutuk	applicative_le
tutuklu	noun	tutuk	compositive_li
tutukluk	noun	tutuk	suitative_lik
tutuksuz	noun	tutuk	privative_siz
tutulma	verb	tut	passive_il negative_me
tutulmuş	noun	tut	passive_il pastfactative_miş
tutuluş	noun	tut	passive_il nounifier_iş
tutum	noun	tut	nounifier_im
tutumlu	noun	tut	nounifier_im compositive_li
tutun	verb	tut	reflexive_in
tutunmak	noun	tut	reflexive_in infinitive_mek
tutunuş	noun	tut	reflexive_in nounifier_iş
tutup	noun	tut	adverbial_ip
tutuş	noun	tut	nounifier_iş
tutuş	verb	tut	reflexive_is
tutuşmak	noun	tut	reflexive_is infinitive_mek
tutuşup	noun	tut	reflexive_is adverbial_ip
tuzcu	noun	tuz	actor_ci
tuzla	verb	tuz	applicative_le
tuzlu	noun	tuz	compositive_li
tuzsuz	noun	tuz	privative_siz
tuğcu	noun	tuğ	actor_ci
tuğgenerallik	noun	tuğgeneral	suitative_lik
tuğlacı	noun	tuğla	actor_ci
tuşla	verb	tuş	applicative_le
töreci	noun	töre	actor_ci
tüfe	noun	tüf	dative_e
tükenip	noun	tüken	adverbial_ip
tükenmek	noun	tüken	infinitive_mek
tükenmez	noun	tüken	negative_me factative_ir
tükenmişlik	noun	tüken	pastfactative_miş suitative_lik
tüketim	noun	tüket	nounifier_im
tüketmek	noun	tüket	infinitive_mek
tükürmek	noun	tükür	infinitive_mek
tükürüp	noun	tükür	adverbial_ip
tümerden	noun	tümer	ablative_den
tümgenerallik	noun	tümgeneral	suitative_lik
tümle	verb	tüm	applicative_le
tümüyle	noun	tüm	possessive_3sg confactuous_le
türemek	noun	türe	infinitive_mek
türet	verb	türe	active_it
türetim	noun	türe	active_it nounifier_im
türetmek	noun	türe	active_it infinitive_mek
türkistanlı	noun	türkistan	compositive_li
türkiyede	noun	türkiye	locative_de
türkiyeli	noun	türkiye	compositive_li
türkiyenin	noun	türkiye	noun_compound
türkiyeyi	noun	türkiye	accusative_i
türkiyeyle	noun	türkiye	confactuous_le
türkler	noun	türk	plural_ler
türkçe	noun	türk	relative_ce
türkçü	noun	türk	actor_ci
türkücü	noun	türkü	actor_ci
türkücülük	noun	türkü	actor_ci suitative_lik
türlü	noun	tür	compositive_li
tüten	noun	tüt	factative_en
tütmek	noun	tüt	infinitive_mek
tüttür	verb	tüt	active_ir
tüttürmek	noun	tüt	active_ir infinitive_mek
tütüncü	noun	tütün	actor_ci
tıkamak	noun	tıka	infinitive_mek
tıkan	verb	tıka	reflexive_in
tıkanmak	noun	tıka	reflexive_in infinitive_mek
tıkat	verb	tıka	active_it
tıkatmak	noun	tıka	active_it infinitive_mek
tıkla	verb	tık	applicative_le
tıklat	verb	tık	applicative_le active_it
tıkmak	noun	tık	infinitive_mek
tıkın	verb	tık	reflexive_in
tıkırında	noun	tıkır	possessive_3sg locative_de
tıkış	verb	tık	reflexive_is
tınmak	noun	tın	infinitive_mek
tıraşla	verb	tıraş	applicative_le
tırmanmak	noun	tırman	infinitive_mek
tırmanıp	noun	tırman	adverbial_ip
tırmanış	noun	tırman	nounifier_iş
tırpanla	verb	tırpan	applicative_le
tığa	noun	tığ	dative_e
ucuzcu	noun	ucuz	actor_ci
ucuzla	verb	ucuz	applicative_le
ufaklı	noun	ufak	compositive_li
ufaklık	noun	ufak	suitative_lik
ufalt	verb	ufal	active_it
ukraynalı	noun	ukrayna	compositive_li
ulaşma	noun	ulaş	infinitive_me
ulaşmak	noun	ulaş	infinitive_mek
ulaştı	noun	ulaş	pasttense_di
ulaşım	noun	ulaş	nounifier_im
ulm	noun	ula	possessive_1sg
ulumak	noun	ulu	infinitive_mek
uluslara	noun	ulus	applicative_le active_er adverbial_e
ulusçulukla	noun	ulus	actor_ci suitative_lik confactuous_le
ulut	verb	ulu	active_it
ulutmak	noun	ulu	active_it infinitive_mek
umacı	noun	uma	actor_ci
uman	noun	um	factative_en
umarsız	noun	umar	privative_siz
ummak	noun	um	infinitive_mek
umumiye	noun	umumi	dative_e
umursama	noun	umursa	infinitive_me
umursan	verb	umursa	reflexive_in
umursanmak	noun	umursa	reflexive_in infinitive_mek
umutlan	verb	umut	applicative_le reflexive_in
umutlu	noun	umut	compositive_li
umutsuz	noun	umut	privative_siz
umutsuzluk	noun	umut	privative_siz suitative_lik
uncu	noun	un	actor_ci
unutkanlık	noun	unutkan	suitative_lik
unutma	noun	unut	infinitive_me
unutmak	noun	unut	infinitive_mek
unutturma	noun	unut	active_dir infinitive_me
unutturuyorsun	noun	unut	active_ir continuous_iyor conjugation_2sg
unutulan	noun	unut	passive_il factative_en
unutup	noun	unut	adverbial_ip
usanmak	noun	usan	infinitive_mek
ustalık	noun	usta	suitative_lik
ustalıkla	noun	usta	suitative_lik confactuous_le
ustalıklı	noun	usta	suitative_lik compositive_li
utanmak	noun	utan	infinitive_mek
utanıp	noun	utan	adverbial_ip
uyanmak	noun	uyan	infinitive_mek
uyanıklık	noun	uyanık	suitative_lik
uyanış	noun	uyan	nounifier_iş
uyar	verb	uy	active_er
uyaran	noun	uy	active_er factative_en
uyarma	noun	uy	active_er infinitive_me
uyarmak	noun	uy	active_er infinitive_mek
uyarıcıyı	noun	uyarı	actor_ci accusative_i
uyarınca	noun	uy	active_er adverbial_ince
uydurma	noun	uy	active_dir infinitive_me
uygarlık	noun	uygar	suitative_lik
uygulama	noun	uygula	infinitive_me
uygulamacı	noun	uygula	infinitive_me actor_ci
uygunsuz	noun	uygun	privative_siz
uykucu	noun	uyku	actor_ci
uykunun	noun	uyku	noun_compound
uykusuz	noun	uyku	privative_siz
uykusuzluk	noun	uyku	privative_siz suitative_lik
uykusuzluğa	noun	uyku	privative_siz suitative_lik dative_e
uymak	noun	uy	infinitive_mek
uymaz	noun	uy	negative_me factative_ir
uyum	noun	uy	nounifier_im
uyuma	noun	uyu	infinitive_me
uyumak	noun	uyu	infinitive_mek
uyumlu	noun	uy	nounifier_im compositive_li
uyumsuz	noun	uy	nounifier_im privative_siz
uyumsuzluk	noun	uy	nounifier_im privative_siz suitative_lik
uyun	verb	uyu	passive_il
uyup	noun	uy	adverbial_ip
uyur	noun	uy	factative_ir
uyut	verb	uyu	active_it
uyuya	noun	uyu	adverbial_e
uyuşturuculu	noun	uyuşturucu	compositive_li
uzadıkça	noun	uza	adverbial_dikçe
uzaklaşma	noun	uzak	applicative_le reflexive_is infinitive_me
uzaklaşmalı	noun	uzak	applicative_le reflexive_is infinitive_me compositive_li
uzaklık	noun	uzak	suitative_lik
uzakta	noun	uzak	locative_de
uzamak	noun	uza	infinitive_mek
uzan	verb	uza	reflexive_in
uzanmak	noun	uza	passive_il infinitive_mek
uzat	verb	uza	active_it
uzatmak	noun	uza	active_it infinitive_mek
uzatım	noun	uza	active_it nounifier_im
uzaya	noun	uza	adverbial_e
uzaycı	noun	uzay	actor_ci
uzaylı	noun	uzay	compositive_li
uzayıp	noun	uza	adverbial_ip
uzlaşma	noun	uzlaş	infinitive_me
uzmanlık	noun	uzman	suitative_lik
uznu	noun	uzun	possessive_3sg
uzunlamasına	noun	uzun	applicative_le infinitive_me possessive_3sg dative_e
uzunluk	noun	uzun	suitative_lik
uçak	noun	uç	toolative_ek
uçan	noun	uç	factative_en
uçsuz	noun	uç	privative_siz
uçuculuk	noun	uçucu	suitative_lik
uçukla	verb	uçuk	applicative_le
uçun	noun	uç	conjugation_2pl
uçup	noun	uç	adverbial_ip
uçur	verb	uç	active_ir
uçurt	verb	uç	active_ir active_it
uçuş	noun	uç	nounifier_iş
uçuş	verb	uç	reflexive_is
uçuşup	noun	uç	reflexive_is adverbial_ip
uğramak	noun	uğra	infinitive_mek
uğran	verb	uğra	reflexive_in
uğranmak	noun	uğra	reflexive_in infinitive_mek
uğrar	noun	uğra	factative_ir
uğrat	verb	uğra	active_it
uğratmak	noun	uğra	active_it infinitive_mek
uğrayıp	noun	uğra	adverbial_ip
uğraş	verb	uğra	reflexive_is
uğraşma	noun	uğra	reflexive_is infinitive_me
uğraşmak	noun	uğra	reflexive_is infinitive_mek
uğruna	noun	uğur	possessive_3sg dative_e
uğurla	verb	uğur	applicative_le
uğurlayış	noun	uğur	applicative_le nounifier_iş
uğurlu	noun	uğur	compositive_li
uğursuz	noun	uğur	privative_siz
vadeli	noun	vade	compositive_li
vahdettin	noun	vahdet	possessive_2sg
vahye	noun	vahiy	dative_e
vahşice	noun	vahşi	relative_ce
vaktimiz	noun	vakit	possessive_1pl
valilik	noun	vali	suitative_lik
vanlı	noun	van	compositive_li
varan	noun	var	factative_en
varlık	noun	var	suitative_lik
varlıklar	noun	var	suitative_lik applicative_le factative_ir
varlıklı	noun	var	suitative_lik compositive_li
varmak	noun	var	infinitive_mek
varolan	noun	varol	factative_en
varoluş	noun	varol	nounifier_iş
varsaymak	noun	varsay	infinitive_mek
varsayım	noun	varsay	nounifier_im
vasıtasıyla	noun	vasıta	possessive_3sg confactuous_le
vatandaş	noun	vatan	cooperative_deş
vatandaşlık	noun	vatan	cooperative_deş suitative_lik
vazgeçir	verb	vazgeç	active_ir
vazgeçirmek	noun	vazgeç	active_ir infinitive_mek
vazgeçiş	noun	vazgeç	nounifier_iş
vazgeçmek	noun	vazgeç	infinitive_mek
vazifelendiril	verb	vazife	applicative_le reflexive_in active_dir passive_il
vazifelendirilmek	noun	vazife	applicative_le reflexive_in active_dir passive_il infinitive_mek
vaziyette	noun	vaziyet	locative_de
vedalaşmak	noun	veda	applicative_le reflexive_is infinitive_mek
verdi	noun	ver	pasttense_di
vere	noun	ver	adverbial_e
vereme	noun	verem	dative_e
vergi	noun	ver	nounifier_gi
vergiden	noun	ver	nounifier_gi ablative_den
verici	noun	veri	actor_ci
verim	noun	ver	nounifier_im
verimli	noun	ver	nounifier_im compositive_li
verimlilik	noun	ver	nounifier_im compositive_li suitative_lik
verince	noun	ver	adverbial_ince
verip	noun	ver	adverbial_ip
veriş	noun	ver	nounifier_iş
veriştir	verb	ver	reflexive_is active_dir
verme	noun	ver	infinitive_me
vermek	noun	ver	infinitive_mek
vermeli	noun	ver	infinitive_me compositive_li
vermemizden	noun	ver	infinitive_me possessive_1pl ablative_den
vermişlik	noun	ver	pastfactative_miş suitative_lik
vesikacı	noun	vesika	actor_ci
vesikalı	noun	vesika	compositive_li
vesikalık	noun	vesika	suitative_lik
vestiyerci	noun	vestiyer	actor_ci
vidala	verb	vida	applicative_le
videocu	noun	video	actor_ci
vitrinli	noun	vitrin	compositive_li
voleybolcu	noun	voleybol	actor_ci
voltasına	noun	volta	possessive_3sg dative_e
vurdu	noun	vur	pasttense_di
vurdurma	noun	vur	active_dir infinitive_me
vurgu	noun	vur	nounifier_gi
vurgula	verb	vur	nounifier_gi applicative_le
vurguncu	noun	vurgun	actor_ci
vurmak	noun	vur	infinitive_mek
vurmalı	noun	vur	infinitive_me compositive_li
vurul	verb	vur	passive_il
vuruluş	noun	vur	passive_il nounifier_iş
vurun	verb	vur	reflexive_in
vurunmak	noun	vur	reflexive_in infinitive_mek
vurup	noun	vur	adverbial_ip
vuruş	noun	vur	nounifier_iş
vuruş	verb	vur	reflexive_is
vuruşmak	noun	vur	reflexive_is infinitive_mek
yabana	noun	yap	factative_en dative_e
yabancı	noun	yaban	actor_ci
yabancılaşma	noun	yaban	actor_ci applicative_le reflexive_is infinitive_me
yabancıyı	noun	yaban	actor_ci accusative_i
yadsımak	noun	yadsı	infinitive_mek
yadsın	verb	yadsı	reflexive_in
yadsınmak	noun	yadsı	reflexive_in infinitive_mek
yadırgamak	noun	yadırga	infinitive_mek
yadırgan	verb	yadırga	reflexive_in
yadırganmak	noun	yadırga	reflexive_in infinitive_mek
yadırgat	verb	yadırga	active_it
yadırgatmak	noun	yadırga	active_it infinitive_mek
yahudiye	noun	yahudi	dative_e
yakala	verb	yaka	applicative_le
yakalamak	noun	yak	randomative_ele infinitive_mek
yakalar	noun	yak	randomative_ele factative_ir
yakalayıp	noun	yak	randomative_ele adverbial_ip
yakalı	noun	yak	since_eli
yakalıklı	noun	yaka	suitative_lik compositive_li
yakarmak	noun	yakar	infinitive_mek
yaklaşım	noun	yaklaş	nounifier_im
yaklaşıp	noun	yaklaş	adverbial_ip
yakmak	noun	yak	infinitive_mek
yakıcı	noun	yakı	actor_ci
yakım	noun	yak	nounifier_im
yakın	verb	yak	reflexive_in
yakında	noun	yakın	locative_de
yakından	noun	yakın	ablative_den
yakındı	noun	yakın	pasttense_noundi
yakınlarda	noun	yakın	plural_ler locative_de
yakınlaşmayı	noun	yakın	applicative_le reflexive_is infinitive_me accusative_i
yakınma	noun	yak	reflexive_in infinitive_me
yakınmak	noun	yak	reflexive_in infinitive_mek
yakınış	noun	yak	reflexive_in nounifier_iş
yakıp	noun	yak	adverbial_ip
yakışıklı	noun	yakışık	compositive_li
yalancı	noun	yalan	actor_ci
yalandan	noun	yalan	ablative_den
yalanla	verb	yalan	applicative_le
yalayış	noun	yala	nounifier_iş
yalnızcı	noun	yalnız	actor_ci
yalnızlık	noun	yalnız	suitative_lik
yamanmak	noun	yaman	infinitive_mek
yanar	noun	yan	factative_ir
yanaysa	noun	yanay	if_se
yanaşma	noun	yanaş	infinitive_me
yanaşmak	noun	yanaş	infinitive_mek
yanaşıp	noun	yanaş	adverbial_ip
yandan	noun	yan	ablative_den
yandık	noun	yan	adjectifier_dik
yangı	noun	yan	nounifier_gi
yankıla	verb	yankı	applicative_le
yanla	verb	yan	applicative_le
yanlarında	noun	yan	possessive_3pl locative_de
yanlı	noun	yan	compositive_li
yanlışlık	noun	yanlış	suitative_lik
yanlışlıkla	noun	yanlış	suitative_lik confactuous_le
yanmak	noun	yan	infinitive_mek
yannış	noun	yan	nounifier_iş
yansıma	noun	yansı	infinitive_me
yansımak	noun	yansı	infinitive_mek
yansır	noun	yansı	factative_ir
yansıt	verb	yansı	active_it
yansıtmak	noun	yansı	active_it infinitive_mek
yantlayan	noun	yanıt	applicative_le factative_en
yantının	noun	yanıt	possessive_3sg noun_compound
yanı	noun	yan	possessive_3sg
yanıbaşı	noun	yanıbaş	possessive_3sg
yanılt	verb	yanıl	active_it
yanılış	noun	yanıl	nounifier_iş
yanına	noun	yan	reflexive_in adverbial_e
yanında	noun	yan	possessive_3sg locative_de
yanından	noun	yan	possessive_3sg ablative_den
yanıp	noun	yan	adverbial_ip
yanıtla	verb	yanıt	applicative_le
yanıtsız	noun	yanıt	privative_siz
yanıtı	noun	yanıt	possessive_3sg
yapar	noun	yap	factative_ir
yapma	noun	yap	infinitive_me
yapma	verb	yap	negative_me
yapmak	noun	yap	infinitive_mek
yaptı	noun	yap	pasttense_di
yaptık	noun	yap	adjectifier_dik
yaptırt	verb	yap	active_dir active_it
yaptırtmak	noun	yap	active_dir active_it infinitive_mek
yapıcı	noun	yapı	actor_ci
yapıcılığa	noun	yapı	actor_ci suitative_lik dative_e
yapılan	noun	yap	passive_il factative_en
yapılandır	noun	yap	passive_il factative_en nounaorist_dir
yapılı	noun	yapı	compositive_li
yapılış	noun	yap	passive_il nounifier_iş
yapım	noun	yap	nounifier_im
yapımcı	noun	yap	nounifier_im actor_ci
yapınca	noun	yap	adverbial_ince
yapıp	noun	yap	adverbial_ip
yapısal	noun	yapı	relative_sel
yapış	verb	yap	reflexive_is
yapışmaz	noun	yap	reflexive_is negative_me factative_ir
yapıştır	noun	yap	nounifier_iş nounaorist_dir
yarada	noun	yarat	adverbial_e
yaradılış	noun	yarat	passive_il nounifier_iş
yaradılıştan	noun	yarat	passive_il nounifier_iş ablative_den
yarala	verb	yara	applicative_le
yaralı	noun	yara	compositive_li
yaramak	noun	yara	infinitive_mek
yaran	verb	yara	reflexive_in
yaranmak	noun	yara	reflexive_in infinitive_mek
yararcı	noun	yarar	actor_ci
yararlanma	noun	yarar	applicative_le reflexive_in infinitive_me
yararlanmak	noun	yarar	applicative_le reflexive_in infinitive_mek
yararlanmayı	noun	yarar	applicative_le reflexive_in infinitive_me accusative_i
yararlı	noun	yarar	compositive_li
yararsız	noun	yarar	privative_siz
yaratma	noun	yarat	infinitive_me
yaratmak	noun	yarat	infinitive_mek
yaratıcı	noun	yaratı	actor_ci
yaratıcılığa	noun	yaratı	actor_ci suitative_lik dative_e
yaratılış	noun	yarat	passive_il nounifier_iş
yaratınca	noun	yarat	adverbial_ince
yarayan	noun	yara	factative_en
yarayışlı	noun	yara	nounifier_iş compositive_li
yaraş	verb	yara	reflexive_is
yaraşmak	noun	yara	reflexive_is infinitive_mek
yaraşır	noun	yara	reflexive_is factative_ir
yardakçı	noun	yardak	actor_ci
yardımcı	noun	yardım	actor_ci
yardımlaş	verb	yardım	applicative_le reflexive_is
yardımlaşma	noun	yardım	applicative_le reflexive_is infinitive_me
yargı	noun	yar	nounifier_gi
yargıcı	noun	yar	nounifier_gi actor_ci
yargıla	verb	yar	nounifier_gi applicative_le
yargılamak	noun	yar	nounifier_gi applicative_le infinitive_mek
yarmak	noun	yar	infinitive_mek
yarıla	verb	yarı	applicative_le
yarınsız	noun	yarın	privative_siz
yarış	noun	yar	nounifier_iş
yarış	verb	yar	reflexive_is
yarışma	noun	yar	reflexive_is infinitive_me
yarışmacı	noun	yar	reflexive_is infinitive_me actor_ci
yasakla	verb	yasak	applicative_le
yasaktır	noun	yasak	nounaorist_dir
yasan	noun	yasa	possessive_2sg
yasla	verb	yas	applicative_le
yatak	noun	yat	toolative_ek
yatmak	noun	yat	infinitive_mek
yatmalık	noun	yat	infinitive_me suitative_lik
yattara	noun	yat	active_er adverbial_e
yatçılık	noun	yat	actor_ci suitative_lik
yatınca	noun	yat	adverbial_ince
yatıp	noun	yat	adverbial_ip
yatır	verb	yat	active_ir
yatış	verb	yat	reflexive_is
yavaşla	verb	yavaş	applicative_le
yavaşlama	noun	yavaş	applicative_le infinitive_me
yavaşlayınca	noun	yavaş	applicative_le adverbial_ince
yavaşça	noun	yavaş	relative_ce
yavrula	verb	yavru	applicative_le
yayar	noun	yay	factative_ir
yaygaracı	noun	yaygara	actor_ci
yaygı	noun	yay	nounifier_gi
yaylacı	noun	yayla	actor_ci
yayma	noun	yay	infinitive_me
yaymak	noun	yay	infinitive_mek
yayılma	noun	yay	passive_il infinitive_me
yayılım	noun	yay	passive_il nounifier_im
yayılımcı	noun	yay	passive_il nounifier_im actor_ci
yayılış	noun	yay	passive_il nounifier_iş
yayım	noun	yay	nounifier_im
yayımla	noun	yay	nounifier_im confactuous_le
yayımla	verb	yay	nounifier_im applicative_le
yayıncı	noun	yayın	actor_ci
yayıncılık	noun	yayın	actor_ci suitative_lik
yayınla	verb	yayın	applicative_le
yayınları	noun	yayın	plural_ler possessive_3sg
yayınma	noun	yay	reflexive_in infinitive_me
yayıp	noun	yay	adverbial_ip
yazan	noun	yaz	factative_en
yazar	noun	yaz	factative_ir
yazarı	noun	yaz	factative_ir possessive_3sg
yazdım	noun	yaz	pasttense_di conjugation_1sg
yazgı	noun	yaz	nounifier_gi
yazgıcı	noun	yaz	nounifier_gi actor_ci
yazlık	noun	yaz	suitative_lik
yazlıkçı	noun	yaz	suitative_lik actor_ci
yazlığa	noun	yaz	suitative_lik dative_e
yazma	noun	yaz	infinitive_me
yazmak	noun	yaz	infinitive_mek
yazıcı	noun	yazı	actor_ci
yazıcılar	noun	yazı	actor_ci applicative_le factative_ir
yazılı	noun	yazı	compositive_li
yazılım	noun	yaz	passive_il nounifier_im
yazılıydı	noun	yazı	compositive_li pasttense_noundi
yazılış	noun	yaz	passive_il nounifier_iş
yazım	noun	yaz	nounifier_im
yazıp	noun	yaz	adverbial_ip
yazış	verb	yaz	reflexive_is
yağar	noun	yağ	factative_ir
yağcı	noun	yağ	actor_ci
yağdı	noun	yağ	pasttense_di
yağla	verb	yağ	applicative_le
yağlı	noun	yağ	compositive_li
yağlık	noun	yağ	suitative_lik
yağlıkçı	noun	yağ	suitative_lik actor_ci
yağlıysa	noun	yağ	compositive_li if_se
yağma	noun	yağ	infinitive_me
yağmacı	noun	yağ	infinitive_me actor_ci
yağmak	noun	yağ	infinitive_mek
yağmala	verb	yağ	infinitive_me applicative_le
yağmurlu	noun	yağmur	compositive_li
yağmurluk	noun	yağmur	suitative_lik
yağmurun	noun	yağmur	noun_compound
yağsız	noun	yağ	privative_siz
yağsızsa	noun	yağ	privative_siz if_se
yağış	noun	yağ	nounifier_iş
yağışsız	noun	yağ	nounifier_iş privative_siz
yaşadıklarımız	noun	yaşa	adjectifier_dik plural_ler possessive_1pl
yaşam	noun	yaşa	nounifier_im
yaşama	noun	yaşa	infinitive_me
yaşamak	noun	yaşa	infinitive_mek
yaşan	verb	yaşa	passive_il
yaşanmak	noun	yaşa	passive_il infinitive_mek
yaşanmışlık	noun	yaşa	passive_il pastfactative_miş suitative_lik
yaşarmak	noun	yaşar	infinitive_mek
yaşart	verb	yaşar	active_it
yaşartmak	noun	yaşar	active_it infinitive_mek
yaşat	verb	yaşa	active_it
yaşatmak	noun	yaşa	active_it infinitive_mek
yaşayan	noun	yaşa	factative_en
yaşayıp	noun	yaşa	adverbial_ip
yaşayış	noun	yaşa	nounifier_iş
yaşlan	verb	yaş	applicative_le reflexive_in
yaşlanma	noun	yaş	applicative_le reflexive_in infinitive_me
yaşlı	noun	yaş	compositive_li
yedekle	verb	yedek	applicative_le
yedekleme	noun	yedek	applicative_le infinitive_me
yedekte	noun	yedek	locative_de
yediliklerden	noun	yedi	suitative_lik applicative_le factative_ir ablative_den
yelekçi	noun	yelek	actor_ci
yelkenci	noun	yelken	actor_ci
yelmek	noun	yel	infinitive_mek
yelpazele	verb	yelpaze	applicative_le
yeltenmek	noun	yelten	infinitive_mek
yeme	noun	ye	infinitive_me
yemek	noun	ye	infinitive_mek
yemeklik	noun	ye	infinitive_mek suitative_lik
yendi	noun	ye	passive_il pasttense_di
yenen	noun	yen	factative_en
yener	noun	yen	factative_ir
yeniden	noun	yeni	ablative_den
yenile	verb	yeni	applicative_le
yenilemek	noun	yeni	applicative_le infinitive_mek
yenileri	noun	yeni	possessive_3pl
yenilik	noun	yeni	suitative_lik
yenilikçi	noun	yeni	suitative_lik actor_ci
yenilir	noun	yen	passive_il factative_ir
yenmek	noun	yen	infinitive_mek
yerde	noun	yer	locative_de
yerelleş	verb	yerel	applicative_le reflexive_is
yerellik	noun	yerel	suitative_lik
yerimiz	noun	yer	possessive_1pl
yerinde	noun	yer	possessive_3sg locative_de
yerindeyse	noun	yer	possessive_3sg locative_de if_se
yerine	noun	yer	possessive_3sg dative_e
yerleş	verb	yer	applicative_le reflexive_is
yerleşil	verb	yer	applicative_le reflexive_is passive_il
yerleşilmek	noun	yer	applicative_le reflexive_is passive_il infinitive_mek
yerleşim	noun	yer	applicative_le reflexive_is nounifier_im
yerleşip	noun	yer	applicative_le reflexive_is adverbial_ip
yerleşmek	noun	yer	applicative_le reflexive_is infinitive_mek
yerli	noun	yer	compositive_li
yersiz	noun	yer	privative_siz
yetenekli	noun	yetenek	compositive_li
yeter	noun	yet	factative_ir
yeterince	noun	yet	active_er adverbial_ince
yeterli	noun	yet	factative_ir compositive_li
yeterlilik	noun	yet	factative_ir compositive_li suitative_lik
yetersiz	noun	yet	factative_ir privative_siz
yetersizlik	noun	yet	factative_ir privative_siz suitative_lik
yetinmek	noun	yetin	infinitive_mek
yetişme	noun	yetiş	infinitive_me
yetişmiş	noun	yetiş	pastfactative_miş
yetiştiril	verb	yetiş	active_dir passive_il
yetkili	noun	yetki	compositive_li
yetkinlik	noun	yetkin	suitative_lik
yetmez	noun	yet	negative_me factative_ir
yeşert	verb	yeşer	active_it
yeşile	noun	ye	reflexive_is passive_il adverbial_e
yeşillik	noun	yeşil	suitative_lik
yinele	verb	yine	applicative_le
yineleyiş	noun	yine	applicative_le nounifier_iş
yirmili	noun	yirmi	compositive_li
yitim	noun	yit	nounifier_im
yitip	noun	yit	adverbial_ip
yitir	verb	yit	active_ir
yitiril	verb	yit	active_ir passive_il
yitirilmek	noun	yit	active_ir passive_il infinitive_mek
yitirip	noun	yit	active_ir adverbial_ip
yitiriş	noun	yit	active_ir nounifier_iş
yitmek	noun	yit	infinitive_mek
yiyecek	noun	yiy	nounifier_ecek
yiğitlik	noun	yiğit	suitative_lik
yogun	noun	yok	possessive_2sg
yokla	verb	yok	applicative_le
yoklama	noun	yok	applicative_le infinitive_me
yoklayıp	noun	yok	applicative_le adverbial_ip
yoksa	noun	yok	if_se
yoksulluk	noun	yoksul	suitative_lik
yoksunluk	noun	yoksun	suitative_lik
yola	noun	yol	adverbial_e
yolanda	noun	yol	factative_en locative_de
yolcu	noun	yol	actor_ci
yolculuk	noun	yol	actor_ci suitative_lik
yolculuktu	noun	yol	actor_ci suitative_lik pasttense_noundi
yolda	noun	yol	locative_de
yolla	verb	yol	applicative_le
yollu	noun	yol	compositive_li
yolmak	noun	yol	infinitive_mek
yolsuz	noun	yol	privative_siz
yolsuzluk	noun	yol	privative_siz suitative_lik
yolu	noun	yol	possessive_3sg
yolun	verb	yol	reflexive_in
yolunmak	noun	yol	reflexive_in infinitive_mek
yoluyla	noun	yol	possessive_3sg confactuous_le
yorgundu	noun	yor	nounifier_gi possessive_2sg pasttense_noundi
yorgunluk	noun	yorgun	suitative_lik
yormak	noun	yor	infinitive_mek
yortmak	noun	yor	active_it infinitive_mek
yorulmaz	noun	yor	passive_il negative_me factative_ir
yorum	noun	yor	nounifier_im
yorumcu	noun	yor	nounifier_im actor_ci
yorumla	verb	yor	nounifier_im applicative_le
yorumlamak	noun	yor	nounifier_im applicative_le infinitive_mek
yorumlar	noun	yor	nounifier_im plural_ler
yosunla	noun	yosun	confactuous_le
yosunla	verb	yosun	applicative_le
yozgatlı	noun	yozgat	compositive_li
yoğalt	verb	yoğal	active_it
yoğrul	verb	yoğur	passive_il
yoğrulmak	noun	yoğur	passive_il infinitive_mek
yoğunlaşıp	noun	yoğun	applicative_le reflexive_is adverbial_ip
yoğunluklu	noun	yoğun	suitative_lik compositive_li
yoğurdu	noun	yoğur	pasttense_di
yoğurma	noun	yoğur	infinitive_me
yoğurmak	noun	yoğur	infinitive_mek
yoğurt	verb	yoğur	active_it
yoğurtlu	noun	yoğurt	compositive_li
yoğurtmak	noun	yoğur	active_it infinitive_mek
yudumla	verb	yudum	applicative_le
yufkacı	noun	yufka	actor_ci
yukarıda	noun	yukarı	locative_de
yukarıdan	noun	yukarı	ablative_den
yukarılara	noun	yukarı	plural_ler dative_e
yukarısında	noun	yukarı	possessive_3sg locative_de
yukarısından	noun	yukarı	possessive_3sg ablative_den
yummak	noun	yum	infinitive_mek
yumrukla	verb	yumruk	applicative_le
yumurtacı	noun	yumurta	actor_ci
yumurtalı	noun	yumurta	compositive_li
yumurtla	verb	yumurta	applicative_le
yumurtlama	noun	yumurta	applicative_le infinitive_me
yumuşamak	noun	yumuşa	infinitive_mek
yumuşat	verb	yumuşa	active_it
yumuşatmak	noun	yumuşa	active_it infinitive_mek
yumuşayınca	noun	yumuşa	adverbial_ince
yunanistandan	noun	yunanistan	ablative_den
yunanlı	noun	yunan	compositive_li
yurda	noun	yurt	dative_e
yurttaş	noun	yurt	cooperative_deş
yurttaşlık	noun	yurt	cooperative_deş suitative_lik
yurtçu	noun	yurt	actor_ci
yutmak	noun	yut	infinitive_mek
yuttu	noun	yut	pasttense_di
yuttur	verb	yut	active_ir
yutturmak	noun	yut	active_dir infinitive_mek
yutup	noun	yut	adverbial_ip
yuvala	verb	yuva	applicative_le
yuvarla	verb	yuvar	applicative_le
yuvarlayıp	noun	yuvar	applicative_le adverbial_ip
yönelim	noun	yönel	nounifier_im
yönelmek	noun	yönel	infinitive_mek
yöneten	noun	yönet	factative_en
yönetim	noun	yönet	nounifier_im
yönetmek	noun	yönet	infinitive_mek
yönetmelik	noun	yönetme	suitative_lik
yönlen	verb	yön	applicative_le reflexive_in
yönlendir	verb	yön	applicative_le reflexive_in active_dir
yönlendirme	noun	yön	applicative_le reflexive_in active_dir infinitive_me
yönlü	noun	yön	compositive_li
yönsüz	noun	yön	privative_siz
yönünden	noun	yön	possessive_3sg ablative_den
yücelmek	noun	yücel	infinitive_mek
yükle	verb	yük	applicative_le
yüklenil	verb	yük	applicative_le reflexive_in passive_il
yüklenilmek	noun	yük	applicative_le reflexive_in passive_il infinitive_mek
yüklenim	noun	yük	applicative_le reflexive_in nounifier_im
yükletil	verb	yük	applicative_le active_it passive_il
yükletilmek	noun	yük	applicative_le active_it passive_il infinitive_mek
yükleyiş	noun	yük	applicative_le nounifier_iş
yüklü	noun	yük	compositive_li
yükselen	noun	yüksel	factative_en
yükselme	noun	yüksel	infinitive_me
yükselmek	noun	yüksel	infinitive_mek
yükseltici	noun	yükselti	actor_ci
yükümlü	noun	yüküm	compositive_li
yükümlülük	noun	yüküm	compositive_li suitative_lik
yükün	noun	yük	noun_compound
yünlü	noun	yün	compositive_li
yürekli	noun	yürek	compositive_li
yürekten	noun	yürek	ablative_den
yürümek	noun	yürü	infinitive_mek
yürün	verb	yürü	reflexive_in
yürünmek	noun	yürü	reflexive_in infinitive_mek
yürüt	verb	yürü	active_it
yürüten	noun	yürü	active_it factative_en
yürütmek	noun	yürü	active_it infinitive_mek
yürütülüş	noun	yürü	active_it passive_il nounifier_iş
yürüye	noun	yürü	adverbial_e
yürüyen	noun	yürü	factative_en
yürüyüp	noun	yürü	adverbial_ip
yürüyüş	noun	yürü	nounifier_iş
yüze	noun	yüz	adverbial_e
yüzle	verb	yüz	applicative_le
yüzler	noun	yüz	plural_ler
yüzlerce	noun	yüz	plural_ler relative_ce
yüzleş	verb	yüz	applicative_le reflexive_is
yüzleşme	noun	yüz	applicative_le reflexive_is infinitive_me
yüzlü	noun	yüz	compositive_li
yüzme	noun	yüz	infinitive_me
yüzmek	noun	yüz	infinitive_mek
yüzsüz	noun	yüz	privative_siz
yüzylın	noun	yüzyıl	possessive_2sg
yüzümde	noun	yüz	nounifier_im locative_de
yüzümdeki	noun	yüz	nounifier_im locative_de marking_ki
yüzümüze	noun	yüz	possessive_1pl dative_e
yüzümüzü	noun	yüz	possessive_1pl accusative_i
yüzünden	noun	yüz	possessive_3sg ablative_den
yüzünüzü	noun	yüz	possessive_2pl accusative_i
yüzüyle	noun	yüz	possessive_3sg confactuous_le
yüzüş	noun	yüz	nounifier_iş
yıkamak	noun	yıka	infinitive_mek
yıkan	verb	yıka	reflexive_in
yıkanma	noun	yıka	passive_il infinitive_me
yıkanmak	noun	yıka	reflexive_in infinitive_mek
yıkat	verb	yıka	active_it
yıkatmak	noun	yıka	active_it infinitive_mek
yıkayıp	noun	yıka	adverbial_ip
yıkmak	noun	yık	infinitive_mek
yıkılış	noun	yık	passive_il nounifier_iş
yıkım	noun	yık	nounifier_im
yılancı	noun	yılan	actor_ci
yıldır	noun	yıl	nounaorist_dir
yıldızla	verb	yıldız	applicative_le
yıldızlar	noun	yıldız	plural_ler
yıldızlı	noun	yıldız	compositive_li
yıllarca	noun	yıl	plural_ler relative_ce
yıllık	noun	yıl	suitative_lik
yıllıklı	noun	yıl	suitative_lik compositive_li
yıllıkçı	noun	yıl	suitative_lik actor_ci
yıpranmak	noun	yıpran	infinitive_mek
yıpratmak	noun	yıprat	infinitive_mek
yırta	noun	yırt	adverbial_e
yırtmak	noun	yırt	infinitive_mek
yırtılmış	noun	yırt	passive_il pastfactative_miş
yırtılış	noun	yırt	passive_il nounifier_iş
yırtın	verb	yırt	reflexive_in
yırtınış	noun	yırt	reflexive_in nounifier_iş
yığmak	noun	yığ	infinitive_mek
yığınla	noun	yığın	confactuous_le
zaferi	noun	zafer	possessive_3sg
zafersiz	noun	zafer	privative_siz
zahmetli	noun	zahmet	compositive_li
zamanda	noun	zaman	locative_de
zamandır	noun	zaman	nounaorist_dir
zamanla	noun	zaman	confactuous_le
zamanla	verb	zaman	applicative_le
zamansız	noun	zaman	privative_siz
zamanı	noun	zaman	possessive_3sg
zamanında	noun	zaman	possessive_3sg locative_de
zanlı	noun	zan	compositive_li
zanneden	noun	zannet	factative_en
zannedilmek	noun	zannet	passive_il infinitive_mek
zannetme	noun	zannet	infinitive_me
zannetmek	noun	zannet	infinitive_mek
zannıyla	noun	zan	possessive_3sg confactuous_le
zararlı	noun	zarar	compositive_li
zararına	noun	zarar	possessive_3sg dative_e
zarcı	noun	zar	actor_ci
zarfında	noun	zarf	possessive_3sg locative_de
zariflik	noun	zarif	suitative_lik
zavallılık	noun	zavallı	suitative_lik
zayıfla	verb	zayıf	applicative_le
zayıflayış	noun	zayıf	applicative_le nounifier_iş
zehirle	verb	zehir	applicative_le
zehirli	noun	zehir	compositive_li
zekiydi	noun	zeki	pasttense_noundi
zenginlik	noun	zengin	suitative_lik
zerri	noun	zer	possessive_3sg
zevkli	noun	zevk	compositive_li
zeytinci	noun	zeytin	actor_ci
zeytinli	noun	zeytin	compositive_li
zikredil	verb	zikret	passive_il
zikredilmek	noun	zikret	passive_il infinitive_mek
zikretmek	noun	zikret	infinitive_mek
zilli	noun	zil	compositive_li
zincirle	verb	zincir	applicative_le
zincirleme	noun	zincir	applicative_le infinitive_me
zindancı	noun	zindan	actor_ci
zirvesine	noun	zirve	possessive_3sg dative_e
ziyaretçi	noun	ziyaret	actor_ci
zordu	noun	zor	pasttense_noundi
zorla	noun	zor	confactuous_le
zorla	verb	zor	applicative_le
zorlama	noun	zor	applicative_le infinitive_me
zorlu	noun	zor	compositive_li
zorluk	noun	zor	suitative_lik
zorlukla	noun	zor	suitative_lik confactuous_le
zorunda	noun	zor	possessive_3sg locative_de
zorunluluk	noun	zorunlu	suitative_lik
zurnacı	noun	zurna	actor_ci
zülfü	noun	zülüf	possessive_3sg
zümredir	noun	zümre	nounaorist_dir
zımparala	verb	zımpara	applicative_le
zıpkıncı	noun	zıpkın	actor_ci
zıplaya	noun	zıpla	adverbial_e
zırlasın	noun	zırla	conjugation_3sg
çabala	verb	çaba	applicative_le
çabalayış	noun	çaba	applicative_le nounifier_iş
çadırcı	noun	çadır	actor_ci
çakan	noun	çak	factative_en
çakma	noun	çak	infinitive_me
çakmak	noun	çak	infinitive_mek
çakmakçı	noun	çak	infinitive_mek actor_ci
çakra	noun	çakır	dative_e
çaktırış	noun	çak	active_dir nounifier_iş
çakış	verb	çak	reflexive_is
çalacak	noun	çal	nounifier_ecek
çalar	verb	çal	active_er
çalarmak	noun	çal	active_er infinitive_mek
çaldırış	noun	çal	active_dir nounifier_iş
çalgı	noun	çal	nounifier_gi
çalgıcı	noun	çal	nounifier_gi actor_ci
çalkalatış	noun	çalkala	active_it nounifier_iş
çalkalayış	noun	çalkala	nounifier_iş
çalmak	noun	çal	infinitive_mek
çalılık	noun	çalı	suitative_lik
çalım	noun	çal	nounifier_im
çalın	verb	çal	reflexive_in
çalıp	noun	çal	adverbial_ip
çalış	verb	çal	reflexive_is
çalışan	noun	çal	reflexive_is factative_en
çalışma	noun	çal	reflexive_is infinitive_me
çalışmak	noun	çal	reflexive_is infinitive_mek
çalışmalayanları	noun	çal	reflexive_is infinitive_me applicative_le factative_en possessive_3pl
çalışmalı	noun	çal	reflexive_is infinitive_me compositive_li
çalıştır	noun	çal	nounifier_iş nounaorist_dir
çalıştırış	noun	çal	reflexive_is active_dir nounifier_iş
çalışınca	noun	çal	reflexive_is adverbial_ince
çalışıp	noun	çal	reflexive_is adverbial_ip
çalışır	noun	çal	reflexive_is factative_ir
çamaşırcı	noun	çamaşır	actor_ci
çamurla	verb	çamur	applicative_le
çamurluk	noun	çamur	suitative_lik
çamurlukçu	noun	çamur	suitative_lik actor_ci
çancı	noun	çan	actor_ci
çantacı	noun	çanta	actor_ci
çapacı	noun	çapa	actor_ci
çapan	noun	çap	factative_en
çaplı	noun	çap	compositive_li
çapmak	noun	çap	infinitive_mek
çaprazla	verb	çapraz	applicative_le
çaresiz	noun	çare	privative_siz
çaresizce	noun	çare	privative_siz relative_ce
çaresizler	noun	çare	privative_siz applicative_le factative_ir
çaresizlik	noun	çare	privative_siz suitative_lik
çaresizlikten	noun	çare	privative_siz suitative_lik ablative_den
çaresizliğe	noun	çare	privative_siz suitative_lik dative_e
çarkın	noun	çark	noun_compound
çarpmak	noun	çarp	infinitive_mek
çarptırış	noun	çarp	active_dir nounifier_iş
çarpıcı	noun	çarpı	actor_ci
çarpılış	noun	çarp	passive_il nounifier_iş
çarpım	noun	çarp	nounifier_im
çarpınca	noun	çarp	adverbial_ince
çarpıp	noun	çarp	adverbial_ip
çarpıt	verb	çarp	active_it
çarpıtmak	noun	çarp	active_it infinitive_mek
çarpış	verb	çarp	reflexive_is
çatallaş	verb	çatal	applicative_le reflexive_is
çatla	verb	çat	applicative_le
çatlama	noun	çat	applicative_le infinitive_me
çatlatış	noun	çat	applicative_le active_it nounifier_iş
çatlayış	noun	çat	applicative_le nounifier_iş
çatlı	noun	çat	compositive_li
çatma	noun	çat	infinitive_me
çatmak	noun	çat	infinitive_mek
çatılış	noun	çat	passive_il nounifier_iş
çatırdat	verb	çatırda	active_it
çatış	verb	çat	reflexive_is
çatışma	noun	çat	reflexive_is infinitive_me
çatışmasının	noun	çat	reflexive_is infinitive_me possessive_3sg noun_compound
çavdarlı	noun	çavdar	compositive_li
çavuşlu	noun	çavuş	compositive_li
çaycı	noun	çay	actor_ci
çağdaş	noun	çağ	cooperative_deş
çağdaşlık	noun	çağ	cooperative_deş suitative_lik
çağlalık	noun	çağla	suitative_lik
çağlayan	noun	çağla	factative_en
çağrıcı	noun	çağrı	actor_ci
çağrıl	verb	çağır	passive_il
çağrılış	noun	çağır	passive_il nounifier_iş
çağrış	verb	çağır	reflexive_is
çağıra	noun	çağır	adverbial_e
çağırmak	noun	çağır	infinitive_mek
çağırt	verb	çağır	active_it
çağırtmak	noun	çağır	active_it infinitive_mek
çağırıp	noun	çağır	adverbial_ip
çağırış	noun	çağır	nounifier_iş
çekecek	noun	çek	nounifier_ecek
çekeme	verb	çek	negative_able
çeker	noun	çek	factative_ir
çeki	noun	çek	possessive_3sg
çekil	verb	çek	passive_il
çekilir	noun	çek	passive_il factative_ir
çekiliş	noun	çek	passive_il nounifier_iş
çekim	noun	çek	nounifier_im
çekin	verb	çek	reflexive_in
çekince	noun	çek	adverbial_ince
çekinil	verb	çek	reflexive_in passive_il
çekinilmek	noun	çek	reflexive_in passive_il infinitive_mek
çekiniş	noun	çek	reflexive_in nounifier_iş
çekip	noun	çek	adverbial_ip
çekiçli	noun	çekiç	compositive_li
çekiş	verb	çek	reflexive_is
çekişme	noun	çek	reflexive_is infinitive_me
çekişmeli	noun	çek	reflexive_is infinitive_me compositive_li
çekişmeninin	noun	çek	reflexive_is infinitive_me noun_compound conjugation_2sg
çekişte	noun	çek	nounifier_iş locative_de
çekmek	noun	çek	infinitive_mek
çektiriş	noun	çek	active_dir nounifier_iş
çelişki	noun	çeliş	nounifier_gi
çenesine	noun	çene	possessive_3sg dative_e
çerçeveci	noun	çerçeve	actor_ci
çerçevele	verb	çerçeve	applicative_le
çerçevesiz	noun	çerçeve	privative_siz
çetesinin	noun	çete	possessive_3sg noun_compound
çevirince	noun	çevir	adverbial_ince
çevirip	noun	çevir	adverbial_ip
çevirme	noun	çevir	infinitive_me
çevirmek	noun	çevir	infinitive_mek
çevirtme	noun	çevir	active_it infinitive_me
çevreci	noun	çevre	actor_ci
çevrele	verb	çevre	applicative_le
çevreleyiş	noun	çevre	applicative_le nounifier_iş
çevrenizi	noun	çevre	possessive_2pl accusative_i
çevresinde	noun	çevre	possessive_3sg locative_de
çevril	verb	çevir	passive_il
çevrile	noun	çevir	passive_il adverbial_e
çevrilmek	noun	çevir	passive_il infinitive_mek
çevrin	verb	çevir	reflexive_in
çevrinmek	noun	çevir	reflexive_in infinitive_mek
çeyizci	noun	çeyiz	actor_ci
çeşitle	noun	çeşit	confactuous_le
çeşitle	verb	çeşit	applicative_le
çeşitli	noun	çeşit	compositive_li
çiftle	verb	çift	applicative_le
çiftlemek	noun	çift	applicative_le infinitive_mek
çiftleş	verb	çift	applicative_le reflexive_is
çiftlikte	noun	çift	suitative_lik locative_de
çiftliği	noun	çift	suitative_lik possessive_3sg
çiftçi	noun	çift	actor_ci
çiftçilik	noun	çift	actor_ci suitative_lik
çiftçiydi	noun	çift	actor_ci pasttense_noundi
çikolatacı	noun	çikolata	actor_ci
çileci	noun	çile	actor_ci
çimdikle	verb	çimdik	applicative_le
çimentocu	noun	çimento	actor_ci
çimleyiş	noun	çim	applicative_le nounifier_iş
çinli	noun	çin	compositive_li
çisele	verb	çise	applicative_le
çitle	verb	çit	applicative_le
çitmek	noun	çit	infinitive_mek
çivici	noun	çivi	actor_ci
çizecek	noun	çiz	nounifier_ecek
çizgi	noun	çiz	nounifier_gi
çiziliş	noun	çiz	passive_il nounifier_iş
çizim	noun	çiz	nounifier_im
çizme	noun	çiz	infinitive_me
çizmeci	noun	çiz	infinitive_me actor_ci
çizmek	noun	çiz	infinitive_mek
çiçekle	verb	çiçek	applicative_le
çiçekli	noun	çiçek	compositive_li
çiçekçi	noun	çiçek	actor_ci
çiğnemek	noun	çiğne	infinitive_mek
çiğnen	verb	çiğne	reflexive_in
çiğnenmek	noun	çiğne	reflexive_in infinitive_mek
çiğnet	verb	çiğne	active_it
çiğnetmek	noun	çiğne	active_it infinitive_mek
çocuka	noun	çocuk	dative_e
çocukken	noun	çocuk	when_ken
çocukluk	noun	çocuk	suitative_lik
çoklarınca	noun	çok	applicative_le active_ir adverbial_ince
çoklu	noun	çok	compositive_li
çokluk	noun	çok	suitative_lik
çoklukla	noun	çok	suitative_lik confactuous_le
çoktan	noun	çok	ablative_den
çoraplı	noun	çorap	compositive_li
çorbacı	noun	çorba	actor_ci
çorumlu	noun	çorum	compositive_li
çoğaldıkça	noun	çoğal	adverbial_dikçe
çoğalmak	noun	çoğal	infinitive_mek
çoğalt	verb	çoğal	active_it
çoğulcu	noun	çoğul	actor_ci
çoğunluk	noun	çoğun	suitative_lik
çoğunlukla	noun	çoğun	suitative_lik confactuous_le
çubukçu	noun	çubuk	actor_ci
çuvala	noun	çuval	dative_e
çuvalcı	noun	çuval	actor_ci
çuvalla	verb	çuval	applicative_le
çökelt	verb	çökel	active_it
çöker	verb	çök	active_er
çökermek	noun	çök	active_er infinitive_mek
çökert	verb	çök	active_er active_it
çökertmek	noun	çök	active_er active_it infinitive_mek
çökme	noun	çök	infinitive_me
çökmek	noun	çök	infinitive_mek
çöktür	verb	çök	active_dir
çöktürmek	noun	çök	active_dir infinitive_mek
çöküş	noun	çök	nounifier_iş
çöküş	verb	çök	reflexive_is
çöküşmek	noun	çök	reflexive_is infinitive_mek
çömelt	verb	çömel	active_it
çöplü	noun	çöp	compositive_li
çöplük	noun	çöp	suitative_lik
çöplükçü	noun	çöp	suitative_lik actor_ci
çöpçülük	noun	çöp	actor_ci suitative_lik
çözge	noun	çözük	dative_e
çözmek	noun	çöz	infinitive_mek
çözülüm	noun	çöz	passive_il nounifier_im
çözülüş	noun	çöz	passive_il nounifier_iş
çözüm	noun	çöz	nounifier_im
çözümle	verb	çöz	nounifier_im applicative_le
çözümleyiş	noun	çöz	nounifier_im applicative_le nounifier_iş
çözün	verb	çöz	reflexive_in
çözünmek	noun	çöz	reflexive_in infinitive_mek
çözüş	noun	çöz	nounifier_iş
çözüş	verb	çöz	reflexive_is
çözüşmek	noun	çöz	reflexive_is infinitive_mek
çıkagel	verb	çık	persistive_egelmek
çıkan	noun	çık	factative_en
çıkar	noun	çık	factative_ir
çıkarak	noun	çık	adverbial_erek
çıkarma	noun	çık	active_er infinitive_me
çıkarsa	noun	çık	factative_ir if_se
çıkma	noun	çık	infinitive_me
çıkmak	noun	çık	infinitive_mek
çıkmaz	noun	çık	negative_me factative_ir
çıkmazı	noun	çık	negative_me factative_ir possessive_3sg
çıkıkçı	noun	çıkık	actor_ci
çıkın	verb	çık	reflexive_in
çıkınca	noun	çık	adverbial_ince
çıkıp	noun	çık	adverbial_ip
çıkırtma	noun	çık	active_ir active_it infinitive_me
çıkış	verb	çık	reflexive_is
çıkışma	noun	çık	reflexive_is infinitive_me
çılgınca	noun	çılgın	relative_ce
çınlatış	noun	çınla	active_it nounifier_iş
çınlayış	noun	çınla	nounifier_iş
çıplaklaşıp	noun	çıplak	applicative_le reflexive_is adverbial_ip
çırpma	noun	çırp	infinitive_me
çırpmak	noun	çırp	infinitive_mek
çırpıcı	noun	çırpı	actor_ci
çırpın	verb	çırp	reflexive_in
çırpınış	noun	çırp	reflexive_in nounifier_iş
çırpıp	noun	çırp	adverbial_ip
çıtlat	verb	çıt	applicative_le active_it
çıtlatış	noun	çıt	applicative_le active_it nounifier_iş
çığlık	noun	çığ	suitative_lik
çığlıklanınca	noun	çığ	suitative_lik applicative_le reflexive_in adverbial_ince
çığırmak	noun	çığır	infinitive_mek
çığırt	verb	çığır	active_it
çığırtmak	noun	çığır	active_it infinitive_mek
öbürleri	noun	öbür	possessive_3pl
öbürlerinden	noun	öbür	possessive_3pl ablative_den
öbürlerini	noun	öbür	possessive_3pl accusative_i
öbürü	noun	öbür	possessive_3sg
öbüründe	noun	öbür	possessive_3sg locative_de
öbürüne	noun	öbür	possessive_3sg dative_e
öbürünü	noun	öbür	possessive_3sg accusative_i
ödeme	noun	öde	infinitive_me
ödemek	noun	öde	infinitive_mek
ödemeli	noun	öde	infinitive_me compositive_li
ödenmek	noun	öde	reflexive_in infinitive_mek
ödetmek	noun	öde	active_it infinitive_mek
ödevlendirilmek	noun	ödev	applicative_le reflexive_in active_dir passive_il infinitive_mek
ödeş	verb	öde	reflexive_is
ödeşmek	noun	öde	reflexive_is infinitive_mek
ödüllendirilmek	noun	ödül	applicative_le reflexive_in active_dir passive_il infinitive_mek
ödüllü	noun	ödül	compositive_li
ödülü	noun	ödül	possessive_3sg
ödüm	noun	öd	conjugation_1sg
ödüncü	noun	ödün	actor_ci
öfkeli	noun	öfke	compositive_li
öfkeyle	noun	öfke	confactuous_le
ögesi	noun	öge	possessive_3sg
öksürmek	noun	öksür	infinitive_mek
öksürt	verb	öksür	active_it
öksürtmek	noun	öksür	active_it infinitive_mek
öksürüş	noun	öksür	nounifier_iş
öldürt	verb	öl	active_dir active_it
ölecek	noun	öl	nounifier_ecek
ölede	noun	ölet	dative_e
ölme	noun	öl	infinitive_me
ölmek	noun	öl	infinitive_mek
ölmez	noun	öl	negative_me factative_ir
ölmüş	noun	öl	pastfactative_miş
ölçermek	noun	ölç	active_er infinitive_mek
ölçmek	noun	ölç	infinitive_mek
ölçtür	verb	ölç	active_dir
ölçtürmek	noun	ölç	active_dir infinitive_mek
ölçülü	noun	ölçü	compositive_li
ölçümle	verb	ölçüm	applicative_le
ölçün	verb	ölç	reflexive_in
ölçünmek	noun	ölç	reflexive_in infinitive_mek
ölçüsüzlük	noun	ölçü	privative_siz suitative_lik
ölçüş	verb	ölç	reflexive_is
ölçüşmek	noun	ölç	reflexive_is infinitive_mek
ölüm	noun	öl	nounifier_im
ölümsüz	noun	öl	nounifier_im privative_siz
ölünce	noun	öl	adverbial_ince
ölüp	noun	öl	adverbial_ip
ölür	noun	öl	factative_ir
önceden	noun	önce	ablative_den
öncelik	noun	önce	suitative_lik
öncelikle	noun	önce	suitative_lik confactuous_le
öncelikli	noun	önce	suitative_lik compositive_li
önceliklidir	noun	önce	suitative_lik compositive_li nounaorist_dir
önden	noun	ön	ablative_den
önderlik	noun	önder	suitative_lik
önerdiğinizde	noun	öner	adjectifier_dik possessive_2pl locative_de
önerilir	noun	öner	passive_il factative_ir
önerisin	noun	öneri	conjugation_2sg
önermek	noun	öner	infinitive_mek
öngören	noun	öngör	factative_en
öngörmek	noun	öngör	infinitive_mek
öngörüşme	noun	öngör	reflexive_is infinitive_me
önle	noun	ön	confactuous_le
önle	verb	ön	applicative_le
önlem	noun	ön	applicative_le nounifier_im
önleme	noun	ön	applicative_le infinitive_me
önlemek	noun	ön	applicative_le infinitive_mek
önünde	noun	ön	possessive_3sg locative_de
önünden	noun	ön	possessive_3sg ablative_den
önüne	noun	ön	possessive_3sg dative_e
öpmek	noun	öp	infinitive_mek
öptür	verb	öp	active_dir
öpüş	noun	öp	nounifier_iş
öpüş	verb	öp	reflexive_is
örgücü	noun	örgü	actor_ci
örgütle	verb	örgüt	applicative_le
örgütlemek	noun	örgüt	applicative_le infinitive_mek
örgütlendiril	verb	örgüt	applicative_le reflexive_in active_dir passive_il
örgütlendirilmek	noun	örgüt	applicative_le reflexive_in active_dir passive_il infinitive_mek
örgütlenme	noun	örgüt	applicative_le passive_il infinitive_me
örnegin	noun	örnek	possessive_2sg
örnekle	verb	örnek	applicative_le
örneğin	noun	örnek	noun_compound
örtmek	noun	ört	infinitive_mek
örttür	verb	ört	active_ir
örttürmek	noun	ört	active_ir infinitive_mek
örtülü	noun	örtü	compositive_li
örtün	verb	ört	reflexive_in
örtünmek	noun	ört	reflexive_in infinitive_mek
örtüş	noun	ört	nounifier_iş
örtüş	verb	ört	reflexive_is
örtüşmek	noun	ört	reflexive_is infinitive_mek
örülü	noun	örü	compositive_li
ötekilere	noun	öteki	applicative_le active_er adverbial_e
ötesinde	noun	öte	possessive_3sg locative_de
ötesine	noun	öte	possessive_3sg dative_e
öven	noun	öv	factative_en
övgücü	noun	övgü	actor_ci
övgüyle	noun	övgü	confactuous_le
övünmek	noun	övün	infinitive_mek
öykücü	noun	öykü	actor_ci
öyküsüyle	noun	öykü	possessive_3sg confactuous_le
öylece	noun	öyle	relative_ce
öylelikle	noun	öyle	suitative_lik confactuous_le
öylesine	noun	öyle	possessive_3sg dative_e
öyleyse	noun	öyle	if_se
öze	noun	öz	dative_e
özellik	noun	özel	suitative_lik
özellikle	noun	özel	suitative_lik confactuous_le
özellikli	noun	özel	suitative_lik compositive_li
özenci	noun	özen	actor_ci
özendiril	verb	özen	active_dir passive_il
özendirilmek	noun	özen	active_dir passive_il infinitive_mek
özeni	noun	özen	possessive_3sg
özenmek	noun	özen	infinitive_mek
özentici	noun	özenti	actor_ci
özerinde	noun	özer	possessive_3sg locative_de
özetle	verb	özet	applicative_le
özetlemek	noun	özet	applicative_le infinitive_mek
özgeci	noun	özge	actor_ci
özgünlük	noun	özgün	suitative_lik
özgürce	noun	özgür	relative_ce
özgürdür	noun	özgür	nounaorist_dir
özgürlük	noun	özgür	suitative_lik
özgürlükçü	noun	özgür	suitative_lik actor_ci
özlem	noun	özle	nounifier_im
özü	noun	öz	possessive_3sg
özümsemek	noun	özümse	infinitive_mek
özümsenme	noun	özümse	reflexive_in infinitive_me
özümset	verb	özümse	active_it
özümsetmek	noun	özümse	active_it infinitive_mek
özün	noun	öz	noun_compound
özürlü	noun	özür	compositive_li
öğrencilik	noun	öğrenci	suitative_lik
öğrenciyken	noun	öğür	factative_en actor_ci when_ken
öğrendim	noun	öğren	pasttense_di conjugation_1sg
öğrenim	noun	öğren	nounifier_im
öğrenince	noun	öğren	adverbial_ince
öğrenip	noun	öğren	adverbial_ip
öğrenme	noun	öğren	infinitive_me
öğrenmek	noun	öğren	infinitive_mek
öğretim	noun	öğret	nounifier_im
öğretmek	noun	öğret	infinitive_mek
öğretmenlik	noun	öğretmen	suitative_lik
öğütle	verb	öğüt	applicative_le
öğütmek	noun	öğüt	infinitive_mek
öğütçü	noun	öğüt	actor_ci
öğütülüş	noun	öğüt	passive_il nounifier_iş
öğütüş	noun	öğüt	nounifier_iş
ücretli	noun	ücret	compositive_li
ücretsiz	noun	ücret	privative_siz
ücrettir	noun	ücret	nounaorist_dir
ülkem	noun	ülke	possessive_1sg
ülkemizi	noun	ülke	possessive_1pl accusative_i
ülkenin	noun	ülke	noun_compound
ülkücü	noun	ülkü	actor_ci
ümidimiz	noun	ümit	possessive_1pl
ümitliydi	noun	ümit	compositive_li pasttense_noundi
üncü	noun	ün	actor_ci
üniversiteden	noun	üniversite	ablative_den
üniversiteli	noun	üniversite	compositive_li
ünlü	noun	ün	compositive_li
üremek	noun	üre	infinitive_mek
üret	verb	üre	active_it
üreten	noun	üre	active_it factative_en
üretim	noun	üre	active_it nounifier_im
ürgen	noun	üre	constofactative_gen
ürkmek	noun	ürk	infinitive_mek
ürküt	verb	ürk	active_it
ürkütmek	noun	ürk	active_it infinitive_mek
ürkütülüş	noun	ürk	active_it passive_il nounifier_iş
ürküş	noun	ürk	nounifier_iş
ürpermek	noun	ürper	infinitive_mek
ürpert	verb	ürper	active_it
ürpertmek	noun	ürper	active_it infinitive_mek
üstlen	verb	üst	applicative_le reflexive_in
üstlenip	noun	üst	applicative_le reflexive_in adverbial_ip
üstten	noun	üst	ablative_den
üstü	noun	üst	possessive_3sg
üstünde	noun	üst	possessive_3sg locative_de
üstüne	noun	üst	possessive_3sg dative_e
ütopyacı	noun	ütopya	actor_ci
ütüle	verb	ütü	applicative_le
ütüleyip	noun	ütü	applicative_le adverbial_ip
ütülü	noun	ütü	compositive_li
ütüsüz	noun	ütü	privative_siz
üyelik	noun	üye	suitative_lik
üyeliğe	noun	üye	suitative_lik dative_e
üyeliğine	noun	üye	suitative_lik possessive_3sg dative_e
üyleri	noun	üye	possessive_3pl
üzeri	noun	üzer	possessive_3sg
üzerinde	noun	üzer	possessive_3sg locative_de
üzerinden	noun	üzer	possessive_3sg ablative_den
üzerine	noun	üzer	possessive_3sg dative_e
üzerlik	noun	üzer	suitative_lik
üzmek	noun	üz	infinitive_mek
üçüncü	noun	üç	ordinal_inci
üşenmek	noun	üşen	infinitive_mek
üşümek	noun	üşü	infinitive_mek
üşür	verb	üşü	active_ir
üşürmek	noun	üşü	active_ir infinitive_mek
üşüt	verb	üşü	active_it
üşütmek	noun	üşü	active_it infinitive_mek
üşüyüp	noun	üşü	adverbial_ip
üşüş	verb	üşü	reflexive_is
üşüşme	noun	üşü	reflexive_is infinitive_me
ılkım	noun	ılık	possessive_1sg
ılma	noun	ılım	dative_e
ıraklı	noun	ırak	compositive_li
ıraklıların	noun	ırak	compositive_li plural_ler noun_compound
ırkçı	noun	ırk	actor_ci
ırkçılık	noun	ırk	actor_ci suitative_lik
ıslatış	noun	ısla	active_it nounifier_iş
ıslıkla	verb	ıslık	applicative_le
ısrarlı	noun	ısrar	compositive_li
ısılı	noun	ısı	compositive_li
ısınmak	noun	ısın	infinitive_mek
ısırmak	noun	ısır	infinitive_mek
ısırt	verb	ısır	active_it
ısırtmak	noun	ısır	active_it infinitive_mek
ısıtmak	noun	ısıt	infinitive_mek
ızgarada	noun	ızgara	locative_de
ışıklar	noun	ışık	plural_ler
ışıklı	noun	ışık	compositive_li
ışıkın	noun	ışık	noun_compound
ışıldat	verb	ışılda	active_it
ışıldatmak	noun	ışılda	active_it infinitive_mek
ışıltılı	noun	ışıltı	compositive_li
ışımak	noun	ışı	infinitive_mek
ışımalı	noun	ışı	infinitive_me compositive_li
ışıt	verb	ışı	active_it
ışıtmak	noun	ışı	active_it infinitive_mek
şabloncu	noun	şablon	actor_ci
şahinci	noun	şahin	actor_ci
şahinler	noun	şahin	plural_ler
şahinnin	noun	şahin	possessive_2sg
şahlan	verb	şah	applicative_le reflexive_in
şairdir	noun	şair	nounaorist_dir
şakacı	noun	şaka	actor_ci
şakalaş	verb	şaka	applicative_le reflexive_is
şalvarlı	noun	şalvar	compositive_li
şama	noun	şam	dative_e
şamdancı	noun	şamdan	actor_ci
şampiyonluk	noun	şampiyon	suitative_lik
şampuanla	verb	şampuan	applicative_le
şanlı	noun	şan	compositive_li
şanslı	noun	şans	compositive_li
şantajcı	noun	şantaj	actor_ci
şapkacı	noun	şapka	actor_ci
şapkalı	noun	şapka	compositive_li
şapırdat	verb	şapırda	active_it
şarapçı	noun	şarap	actor_ci
şarkıcı	noun	şarkı	actor_ci
şarlatanlık	noun	şarlatan	suitative_lik
şartlamak	noun	şart	applicative_le infinitive_mek
şartlı	noun	şart	compositive_li
şartsız	noun	şart	privative_siz
şaşa	noun	şaş	adverbial_e
şaşkınlık	noun	şaşkın	suitative_lik
şaşkınlıkla	noun	şaşkın	suitative_lik confactuous_le
şaşmak	noun	şaş	infinitive_mek
şaşır	verb	şaş	active_ir
şaşırmak	noun	şaş	active_ir infinitive_mek
şaşırt	verb	şaş	active_ir active_it
şaşırtmak	noun	şaş	active_ir active_it infinitive_mek
şaşırıp	noun	şaş	active_ir adverbial_ip
şehirci	noun	şehir	actor_ci
şehircilik	noun	şehir	actor_ci suitative_lik
şehirli	noun	şehir	compositive_li
şehitlik	noun	şehit	suitative_lik
şekerci	noun	şeker	actor_ci
şekerle	verb	şeker	applicative_le
şekerleme	noun	şeker	applicative_le infinitive_me
şekerli	noun	şeker	compositive_li
şekilci	noun	şekil	actor_ci
şekilcilik	noun	şekil	actor_ci suitative_lik
şekillendiril	verb	şekil	applicative_le reflexive_in active_dir passive_il
şekillendirilmek	noun	şekil	applicative_le reflexive_in active_dir passive_il infinitive_mek
şekilsiz	noun	şekil	privative_siz
şemsiyeci	noun	şemsiye	actor_ci
şenelt	verb	şenel	active_it
şeni	noun	şen	accusative_i
şenlen	verb	şen	applicative_le reflexive_in
şenlendirilmek	noun	şen	applicative_le reflexive_in active_dir passive_il infinitive_mek
şenlik	noun	şen	suitative_lik
şenlikli	noun	şen	suitative_lik compositive_li
şerefli	noun	şeref	compositive_li
şeriatçı	noun	şeriat	actor_ci
şerifi	noun	şerif	possessive_3sg
şeriyye	noun	şeriye	dative_e
şeyden	noun	şey	ablative_den
şeye	noun	şey	dative_e
şeyhi	noun	şeyh	possessive_3sg
şeyi	noun	şey	accusative_i
şeyin	noun	şey	noun_compound
şeyler	noun	şey	plural_ler
şeyleri	noun	şey	plural_ler accusative_i
şiddetle	noun	şiddet	confactuous_le
şiddetli	noun	şiddet	compositive_li
şifreci	noun	şifre	actor_ci
şifrele	verb	şifre	applicative_le
şiiri	noun	şiir	accusative_i
şiirine	noun	şiir	possessive_3sg dative_e
şiirini	noun	şiir	possessive_3sg accusative_i
şikayetçi	noun	şikayet	actor_ci
şimdiden	noun	şimdi	ablative_den
şimdilik	noun	şimdi	suitative_lik
şirketimiz	noun	şirket	possessive_1pl
şişeci	noun	şişe	actor_ci
şişele	verb	şişe	applicative_le
şişle	verb	şiş	applicative_le
şişlik	noun	şiş	suitative_lik
şişmanca	noun	şişman	relative_ce
şişmanla	verb	şişman	applicative_le
şişmanlık	noun	şişman	suitative_lik
şoförlük	noun	şoför	suitative_lik
şogun	noun	şok	possessive_2sg
şurada	noun	şura	locative_de
şuradan	noun	şura	ablative_den
şurası	noun	şura	possessive_3sg
şutla	verb	şut	applicative_le
şuursuzca	noun	şuur	privative_siz relative_ce
şöyleydi	noun	şöyle	pasttense_noundi
şükretmek	noun	şükret	infinitive_mek
şükrü	noun	şükür	possessive_3sg
şüpheli	noun	şüphe	compositive_li
şüphesiz	noun	şüphe	privative_siz
şüpheyle	noun	şüphe	confactuous_le
şımarmak	noun	şımar	infinitive_mek
şımart	verb	şımar	active_it
şımartmak	noun	şımar	active_it infinitive_mek
